Atlantic,Bergen,Burlington,Camden,Cape May,Cumberland,Essex,Gloucester,Hudson,Hunterdon,Mercer,Middlesex,Monmouth,Morris,Ocean,Passaic,Salem,Somerset,Sussex,Union,Warren
Absecon,Allendale,Bass River,Audubon,Avalon,Bridgeton,Belleville,Clayton,Bayonne,Alexandria,East Windsor,Carteret,Aberdeen,Boonton,Barnegat Light,Bloomingdale,Alloway,Bedminster,Andover,Berkeley Heights,Allamuchy
Atlantic City,Alpine,Beverly,Audubon Park,Cape May,Commercial,Bloomfield,Deptford,East Newark,Bethlehem,Ewing,Cranbury,Allenhurst,Boonton Twp,Barnegat Twp,Clifton,Carneys Point,Bernards Twp,Andover Twp,Clark,Alpha
Brigantine,Bergenfield,Bordentown,Barrington,Cape May Point,Deerfield,Caldwell,East Greenwich,Guttenberg,Bloomsbury,Hamilton,Dunellen,Allentown,Butler,Bay Head,Haledon,Elmer,Bernardsville,Branchville,Cranford,Belvidere
Buena,Bogota,Bordentown Twp,Bellmawr,Dennis,Downe,Cedar Grove,Elk,Harrison,Califon,Hightstown,East Brunswick,Asbury Park,Chatham,Beach Haven,Hawthorne,Elsinboro,Bound Brook,Byram,Elizabeth,Blairstown
Buena Vista,Carlstadt,Burlington,Berlin,Lower Township,Fairfield,East Orange,Franklin Twp,Hoboken,Clinton,Hopewell,Edison,Atlantic Highlands,Chatham Twp,Beachwood,Little Falls,Lower Alloways Creek,Branchburg,Frankford,Fanwood,Franklin Twp
Corbin City,Cliffside Park,Burlington Twp,Berlin Twp,Middle Township,Greenwich,Essex Fells,Glassboro,Jersey City,Clinton Twp,Hopewell Twp,Helmetta,Avon By The Sea,Chester,Berkeley Twp,North Haledon,Mannington,Bridgewater,Franklin,Garwood,Frelinghuysen
Egg Harbor,Closter,Chesterfield,Brooklawn,North Wildwood,Hopewell,Fairfield,Greenwich,Kearny,Delaware,Lawrence,Highland Park,Belmar,Chester Twp,Brick,Passaic,Oldmans,Far Hills,Fredon,Hillside,Greenwich
Egg Harbor Twp,Cresskill,Cinnaminson,Camden,Ocean City,Lawrence,Glen Ridge,Harrison Twp,North Bergen,East Amwell,Pennington,Jamesburg,Bradley Beach,Denville,Eagleswood,Paterson,Penns Grove,Franklin Twp,Green,Kenilworth,Hackettstown
Estell Manor,Demarest,Delanco,Cherry Hill,Sea Isle City,Maurice River,Irvington,Logan,Secaucus,Flemington,Princeton Twp,Metuchen,Brielle,Dover,Harvey Cedars,Pompton Lakes,Pennsville,Green Brook,Hamburg,Linden,Hardwick
Folsom,Dumont,Delran,Chesilhurst,Stone Harbor,Millville,Livingston,Mantua,Union City,Franklin Twp,Robbinsville,Middlesex Borough,Colts Neck,East Hanover,Island Heights,Prospect Park,Pilesgrove,Hillsborough,Hampton Twp,Mountainside,Harmony
Galloway,East Rutherford,Eastampton,Clementon,Upper Township,Shiloh,Maplewood,Monroe,Weehawken,Frenchtown,Trenton,Milltown,Deal,Florham Park,Jackson,Ringwood,Pittsgrove,Manville,Hardyston,New Providence,Hope
Hamilton,Edgewater,Edgewater Park,Collingswood,West Cape May,Stow Creek,Millburn,National Park,West New York,Glen Gardner,West Windsor,Monroe,Eatontown,Hanover,Lacey,Totowa,Quinton,Millstone,Hopatcong,Plainfield,Independence
Hammonton,Elmwood Park,Evesham,Gibbsboro,West Wildwood,Upper Deerfield,Montclair,Newfield,,Hampton Boro,,New Brunswick,Englishtown,Harding,Lakehurst,Wanaque,Salem,Montgomery,Lafayette,Rahway,Knowlton
Linwood,Emerson,Fieldsboro,Gloucester City,Wildwood,Vineland,Newark,Paulsboro,,High Bridge,,North Brunswick,Fair Haven,Jefferson,Lakewood,Wayne,Upper Pittsgrove,North Plainfield,Montague,Roselle,Liberty
Longport,Englewood,Florence,Gloucester Twp,Wildwood Crest,,North Caldwell,Pitman,,Holland,,Old Bridge,Farmingdale,Kinnelon,Lavallette,West Milford,Woodstown,Peapack Gladstone,Newton,Roselle Park,Lopatcong
Margate,Englewood Cliffs,Hainesport,Haddon Heights,Woodbine,,Nutley,South Harrison,,Kingwood,,Perth Amboy,Freehold,Lincoln Park,Little Egg Harbor,Woodland Park,,Raritan,Ogdensburg,Scotch Plains,Mansfield
Mullica,Fair Lawn,Lumberton,Haddon Twp,,,Orange,Swedesboro,,Lambertville,,Piscataway,Freehold Twp,Long Hill,Long Beach,,,Rocky Hill,Sandyston,Springfield,Oxford
Northfield,Fairview,Mansfield,Haddonfield,,,Roseland,Washington Twp,,Lebanon,,Plainsboro,Hazlet,Madison,Manchester,,,Somerville,Sparta,Summit,Phillipsburg
Pleasantville,Fort Lee,Maple Shade,Hi-Nella,,,South Orange,Wenonah,,Lebanon Twp,,Sayreville,Highlands,Mendham,Mantoloking,,,South Bound Brook,Stanhope,Union Twp,Pohatcong
Port Republic,Franklin Lakes,Medford,Laurel Springs,,,Verona,West Deptford,,Milford,,South Amboy,Holmdel,Mendham Twp,Ocean Gate,,,Warren,Stillwater,Westfield,Washington
Somers Point,Garfield,Medford Lakes,Lawnside,,,West Caldwell,Westville,,Raritan Twp,,South Brunswick,Howell,Mine Hill,Ocean Twp,,,Watchung,Sussex,Winfield,Washington Twp
Ventnor,Glen Rock,Moorestown,Lindenwold,,,West Orange,Woodbury,,Readington,,South Plainfield,Interlaken,Montville,Pine Beach,,,,Vernon,,White
Weymouth,Hackensack,Mount Holly,Magnolia,,,,Woodbury Heights,,Stockton,,South River,Keansburg,Morris Plains,Plumsted,,,,Walpack,,
,Harrington Park,Mount Laurel,Merchantville,,,,Woolwich,,Tewksbury,,Spotswood,Keyport,Morris Twp,Point Pleasant,,,,Wantage,,
,Hasbrouck Heights,New Hanover,Mount Ephraim,,,,,,Union Twp,,Woodbridge,Lake Como,Morristown,Point Pleasant Beach,,,,,,
,Haworth,North Hanover,Oaklyn,,,,,,West Amwell,,,Little Silver,Mount Arlington,Seaside Heights,,,,,,
,Hillsdale,Palmyra,Pennsauken,,,,,,,,,Loch Arbour,Mount Olive,Seaside Park,,,,,,
,Ho-Ho-Kus,Pemberton,Pine Hill,,,,,,,,,Long Branch,Mountain Lakes,Ship Bottom,,,,,,
,Leonia,Pemberton Twp,Pine Valley,,,,,,,,,Manalapan,Netcong,South Toms River,,,,,,
,Little Ferry,Riverside,Runnemede,,,,,,,,,Manasquan,Parsippany-Troy Hills,Stafford,,,,,,
,Lodi,Riverton,Somerdale,,,,,,,,,Marlboro,Pequannock,Surf City,,,,,,
,Lyndhurst,Shamong,Stratford,,,,,,,,,Matawan,Randolph,Toms River,,,,,,
,Mahwah,Southampton,Tavistock,,,,,,,,,Middletown,Riverdale,Tuckerton,,,,,,
,Maywood,Springfield,Voorhees,,,,,,,,,Millstone Twp,Rockaway,,,,,,,
,Midland Park,Tabernacle,Waterford,,,,,,,,,Monmouth Beach,Rockaway Twp,,,,,,,
,Montvale,Washington Twp,Winslow,,,,,,,,,Neptune City,Roxbury,,,,,,,
,Moonachie,Westampton,Woodlynne,,,,,,,,,Neptune Twp,Victory Gardens,,,,,,,
,New Milford,Willingboro,,,,,,,,,,Ocean Twp,Washington Twp,,,,,,,
,North Arlington,Woodland,,,,,,,,,,Oceanport,Wharton,,,,,,,
,Northvale,Wrightstown,,,,,,,,,,Red Bank,,,,,,,,
,Norwood,,,,,,,,,,,Roosevelt,,,,,,,,
,Oakland,,,,,,,,,,,Rumson,,,,,,,,
,Old Tappan,,,,,,,,,,,Sea Bright,,,,,,,,
,Oradell,,,,,,,,,,,Sea Girt,,,,,,,,
,Palisades Park,,,,,,,,,,,Shrewsbury,,,,,,,,
,Paramus,,,,,,,,,,,Shrewsbury Twp,,,,,,,,
,Park Ridge,,,,,,,,,,,Spring Lake,,,,,,,,
,Ramsey,,,,,,,,,,,Spring Lake Heights,,,,,,,,
,Ridgefield,,,,,,,,,,,Tinton Falls,,,,,,,,
,Ridgefield Park,,,,,,,,,,,Union Beach,,,,,,,,
,Ridgewood,,,,,,,,,,,Upper Freehold,,,,,,,,
,River Edge,,,,,,,,,,,Wall,,,,,,,,
,River Vale,,,,,,,,,,,West Long Branch,,,,,,,,
,Rochelle Park,,,,,,,,,,,West Long Branch,,,,,,,,
,Rockleigh,,,,,,,,,,,,,,,,,,,
,Rutherford,,,,,,,,,,,,,,,,,,,
,Saddle Brook,,,,,,,,,,,,,,,,,,,
,Saddle River,,,,,,,,,,,,,,,,,,,
,South Hackensack,,,,,,,,,,,,,,,,,,,
,Teaneck,,,,,,,,,,,,,,,,,,,
,Tenafly,,,,,,,,,,,,,,,,,,,
,Teterboro,,,,,,,,,,,,,,,,,,,
,Upper Saddle River,,,,,,,,,,,,,,,,,,,
,Waldwick,,,,,,,,,,,,,,,,,,,
,Wallington,,,,,,,,,,,,,,,,,,,
,Washington Twp,,,,,,,,,,,,,,,,,,,
,Westwood,,,,,,,,,,,,,,,,,,,
,Wood-Ridge,,,,,,,,,,,,,,,,,,,
,Woodcliff Lake,,,,,,,,,,,,,,,,,,,
,Wyckoff,,,,,,,,,,,,,,,,,,,
