SCHOOL_NAME,COUNTY_CODE,DISTRICT_CODE,SCHOOL_CODE,COUNTY_NAME,DISTRICT_NAME,Math,Reading and Writing,TOTAL_AVG,Math_State_avg,Reading_State_avg,TOTAL_STATE_AVG
ABRAHAM CLARK HIGH SCHOOL,39,4540,10,UNION,ROSELLE BORO,422.0,444.0,866.0,543,542,1085
ABSEGAMI HIGH SCHOOL,1,1790,40,ATLANTIC,GREATER EGG HARBOR REG,524.0,523.0,1047.0,543,542,1085
ACADEMY CHARTER HIGH SCHOOL,80,6010,910,CHARTERS,ACADEMY CHARTER HIGH SCHOOL,383.0,390.0,773.0,543,542,1085
ACADEMY FOR ALLIED HEALTH SCIENCES,39,5260,20,UNION,UNION COUNTY VOCATIONAL,685.0,675.0,1360.0,543,542,1085
ACADEMY FOR BIOTECHNOLOGY,27,3365,301,MORRIS,MORRIS COUNTY VOCATIONAL,,,0.0,543,542,1085
ACADEMY FOR ENVIRONMENTAL SCIENCE,27,3365,300,MORRIS,MORRIS COUNTY VOCATIONAL,,,0.0,543,542,1085
ACADEMY FOR INFORMATION TECHNOLOGY,39,5260,30,UNION,UNION COUNTY VOCATIONAL,685.0,665.0,1350.0,543,542,1085
ACADEMY FOR LAW AND PUBLIC SAFETY,27,3365,10,MORRIS,MORRIS COUNTY VOCATIONAL,584.0,586.0,1170.0,543,542,1085
"ACADEMY FOR MATHEMATICS, SCIENCE AND ENGINEERING",27,3365,20,MORRIS,MORRIS COUNTY VOCATIONAL,,,0.0,543,542,1085
ACADEMY FOR PERFORMING ARTS,39,5260,35,UNION,UNION COUNTY VOCATIONAL,582.0,605.0,1187.0,543,542,1085
ACADEMY FOR URBAN LEADERSHIP CHARTER SCHOOL,80,6032,901,CHARTERS,ACADEMY FOR URBAN LEADERSHIP CHARTER SCHOOL,477.0,494.0,971.0,543,542,1085
ACADEMY OF ALLIED HEALTH AND SCIENCE,25,3260,25,MONMOUTH,MONMOUTH CO VOCATIONAL,714.0,691.0,1405.0,543,542,1085
ACADEMY OF TECHNOLOGY DESIGN,17,2295,304,HUDSON,HUDSON COUNTY VOCATIONAL,,,0.0,543,542,1085
ADMIRAL WILLIAM F. HALSEY JR. HEALTH & PUBLIC SAFETY ACADEMY,39,1320,402,UNION,ELIZABETH CITY,409.0,418.0,827.0,543,542,1085
ALEXANDER HAMILTON PREPARATORY ACADEMY,39,1320,405,UNION,ELIZABETH CITY,502.0,474.0,976.0,543,542,1085
ALLENTOWN HIGH SCHOOL,25,5310,50,MONMOUTH,UPPER FREEHOLD REGIONAL,581.0,568.0,1149.0,543,542,1085
ALTERNATIVE HIGH SCHOOL,7,800,60,CAMDEN,CHERRY HILL TWP,,,0.0,543,542,1085
ALTERNATIVE SCHOOL AT LEVITT,5,5805,300,BURLINGTON,WILLINGBORO TWP,,,0.0,543,542,1085
AMERICAN HISTORY HIGH SCHOOL,13,3570,87,ESSEX,NEWARK CITY,411.0,438.0,849.0,543,542,1085
APPLIED TECHNOLOGY HIGH SCHOOL,3,290,300,BERGEN,BERGEN COUNTY VOCATIONAL,,,0.0,543,542,1085
ARTHUR L. JOHNSON HIGH SCHOOL,39,850,5,UNION,CLARK TWP,559.0,555.0,1114.0,543,542,1085
ARTHUR P. SCHALICK HIGH SCHOOL,33,4150,40,SALEM,PITTSGROVE TWP,537.0,552.0,1089.0,543,542,1085
ARTS HIGH SCHOOL,13,3570,10,ESSEX,NEWARK CITY,452.0,466.0,918.0,543,542,1085
ASBURY PARK HIGH SCHOOL,25,100,10,MONMOUTH,ASBURY PARK CITY,423.0,429.0,852.0,543,542,1085
ATLANTIC CITY HIGH SCHOOL,1,110,10,ATLANTIC,ATLANTIC CITY,509.0,512.0,1021.0,543,542,1085
ATLANTIC COUNTY INSTITUTE OF TECHNOLOGY,1,120,10,ATLANTIC,ATLANTIC CO VOCATIONAL,505.0,515.0,1020.0,543,542,1085
AUDUBON JUNIOR/SENIOR HIGH SCHOOL,7,150,10,CAMDEN,AUDUBON BORO,537.0,545.0,1082.0,543,542,1085
BARACK OBAMA ACADEMY FOR ACADEMIC & CIVIC DEVELOPMENT,39,4160,51,UNION,PLAINFIELD CITY,,,0.0,543,542,1085
BARD EARLY COLLEGE HIGH SCHOOL,13,3570,304,ESSEX,NEWARK CITY,477.0,502.0,979.0,543,542,1085
BARNEGAT HIGH SCHOOL,29,185,30,OCEAN,BARNEGAT TWP,533.0,534.0,1067.0,543,542,1085
BARRINGER ACADEMY OF S.T.E.A.M.,13,3570,312,ESSEX,NEWARK CITY,373.0,391.0,764.0,543,542,1085
BARRINGER ARTS HIGH SCHOOL,13,3570,20,ESSEX,NEWARK CITY,382.0,406.0,788.0,543,542,1085
BAYONNE ALTERNATIVE HIGH SCHOOL,17,220,10,HUDSON,BAYONNE CITY,,,0.0,543,542,1085
BAYONNE HIGH SCHOOL,17,220,20,HUDSON,BAYONNE CITY,509.0,510.0,1019.0,543,542,1085
BELLEVILLE HIGH SCHOOL,13,250,20,ESSEX,BELLEVILLE TOWN,496.0,504.0,1000.0,543,542,1085
BELVIDERE HIGH SCHOOL,41,280,20,WARREN,BELVIDERE TOWN,546.0,534.0,1080.0,543,542,1085
BERGEN ARTS AND SCIENCES CHARTER SCHOOL,80,6013,900,CHARTERS,BERGEN ARTS AND SCIENCES CHARTER SCHOOL,535.0,537.0,1072.0,543,542,1085
BERGEN COUNTY ACADEMIES,3,290,20,BERGEN,BERGEN COUNTY VOCATIONAL,728.0,692.0,1420.0,543,542,1085
BERGEN COUNTY TECHNICAL HIGH SCHOOL - TETERBORO,3,290,70,BERGEN,BERGEN COUNTY VOCATIONAL,699.0,662.0,1361.0,543,542,1085
BERGENFIELD HIGH SCHOOL,3,300,20,BERGEN,BERGENFIELD BORO,523.0,524.0,1047.0,543,542,1085
BERNARDS HIGH SCHOOL,35,4815,20,SOMERSET,SOMERSET HILLS REGIONAL,620.0,605.0,1225.0,543,542,1085
BIOTECHNOLOGY HIGH SCHOOL,25,3260,28,MONMOUTH,MONMOUTH CO VOCATIONAL,746.0,721.0,1467.0,543,542,1085
BLOOMFIELD HIGH SCHOOL,13,410,20,ESSEX,BLOOMFIELD TWP,487.0,495.0,982.0,543,542,1085
BLOOMFIELD TECH,13,1390,20,ESSEX,ESSEX CO VOC-TECH,487.0,499.0,986.0,543,542,1085
BOGOTA JR./SR. HIGH SCHOOL,3,440,20,BERGEN,BOGOTA BORO,485.0,495.0,980.0,543,542,1085
BOONTON HIGH SCHOOL,27,450,20,MORRIS,BOONTON TOWN,547.0,554.0,1101.0,543,542,1085
BORDENTOWN REGIONAL HIGH SCHOOL,5,475,50,BURLINGTON,BORDENTOWN REGIONAL,537.0,549.0,1086.0,543,542,1085
BOUND BROOK HIGH SCHOOL,35,490,20,SOMERSET,BOUND BROOK BORO,488.0,493.0,981.0,543,542,1085
BRICK TOWNSHIP HIGH SCHOOL,29,530,20,OCEAN,BRICK TWP,532.0,544.0,1076.0,543,542,1085
BRICK TOWNSHIP MEMORIAL HIGH SCHOOL,29,530,25,OCEAN,BRICK TWP,532.0,542.0,1074.0,543,542,1085
BRIDGETON HIGH SCHOOL,11,540,20,CUMBERLAND,BRIDGETON CITY,468.0,459.0,927.0,543,542,1085
BRIDGEWATER-RARITAN HIGH SCHOOL,35,555,5,SOMERSET,BRIDGEWATER-RARITAN REG,630.0,607.0,1237.0,543,542,1085
BUENA REGIONAL HIGH SCHOOL,1,590,25,ATLANTIC,BUENA REGIONAL,527.0,527.0,1054.0,543,542,1085
BURLINGTON CITY HIGH SCHOOL,5,600,20,BURLINGTON,BURLINGTON CITY,498.0,502.0,1000.0,543,542,1085
BURLINGTON COUNTY INSTITUTE OF TECHNOLOGY - MEDFORD,5,610,40,BURLINGTON,BURLINGTON CO VOCATIONAL,488.0,511.0,999.0,543,542,1085
BURLINGTON COUNTY INSTITUTE OF TECHNOLOGY - WESTAMPTON,5,610,30,BURLINGTON,BURLINGTON CO VOCATIONAL,491.0,506.0,997.0,543,542,1085
BURLINGTON TOWNSHIP HIGH SCHOOL,5,620,10,BURLINGTON,BURLINGTON TWP,535.0,546.0,1081.0,543,542,1085
BUTLER HIGH SCHOOL,27,630,20,MORRIS,BUTLER BORO,550.0,562.0,1112.0,543,542,1085
CAMDEN BIG PICTURE LEARNING ACADEMY,7,680,305,CAMDEN,CAMDEN CITY,399.0,416.0,815.0,543,542,1085
CAMDEN COUNTY TECHNICAL SCHOOL-GTC,7,700,40,CAMDEN,CAMDEN COUNTY VOCATIONAL,478.0,495.0,973.0,543,542,1085
CAMDEN COUNTY TECHNICAL SCHOOL-PENNSAUKEN,7,700,30,CAMDEN,CAMDEN COUNTY VOCATIONAL,469.0,468.0,937.0,543,542,1085
CAMDEN HIGH SCHOOL,7,680,30,CAMDEN,CAMDEN CITY,389.0,395.0,784.0,543,542,1085
CAMDEN'S PROMISE CHARTER SCHOOL,80,6107,998,CHARTERS,CAMDENâ€™S PROMISE CHARTER SCHOOL,455.0,444.0,899.0,543,542,1085
CAPE MAY COUNTY TECHNICAL HIGH SCHOOL,9,720,30,CAPE MAY,CAPE MAY CO VOCATIONAL,536.0,541.0,1077.0,543,542,1085
CAREER AND INNOVATION ACADEMY OF ORANGE,13,3880,301,ESSEX,CITY OF ORANGE TWP,,,0.0,543,542,1085
CARTERET HIGH SCHOOL,23,750,30,MIDDLESEX,CARTERET BORO,499.0,497.0,996.0,543,542,1085
CEDAR CREEK HIGH SCHOOL,1,1790,60,ATLANTIC,GREATER EGG HARBOR REG,557.0,557.0,1114.0,543,542,1085
CEDAR GROVE HIGH SCHOOL,13,760,50,ESSEX,CEDAR GROVE TWP,562.0,571.0,1133.0,543,542,1085
CENTRAL HIGH SCHOOL,13,3570,30,ESSEX,NEWARK CITY,389.0,399.0,788.0,543,542,1085
CENTRAL JERSEY COLLEGE PREP CHARTER SCHOOL,80,6018,900,CHARTERS,CENTRAL JERSEY COLLEGE PREP CHARTER SCHOOL,564.0,546.0,1110.0,543,542,1085
CENTRAL REGIONAL HIGH SCHOOL,29,770,30,OCEAN,CENTRAL REGIONAL,532.0,518.0,1050.0,543,542,1085
CHARTERTECH HIGH SCHOOL FOR THE PERFORMING ARTS,80,7410,940,CHARTERS,CHARTER~TECH HIGH SCHOOL,457.0,483.0,940.0,543,542,1085
CHATHAM HIGH SCHOOL,27,785,10,MORRIS,SCH DIST OF THE CHATHAMS,627.0,629.0,1256.0,543,542,1085
CHEROKEE HIGH SCHOOL,5,2610,40,BURLINGTON,LENAPE REGIONAL,571.0,566.0,1137.0,543,542,1085
CHERRY HILL HIGH SCHOOL EAST,7,800,30,CAMDEN,CHERRY HILL TWP,599.0,592.0,1191.0,543,542,1085
CHERRY HILL HIGH SCHOOL WEST,7,800,40,CAMDEN,CHERRY HILL TWP,539.0,546.0,1085.0,543,542,1085
CICELY L. TYSON COMMUNITY MIDDLE/HIGH SCHOOL,13,1210,150,ESSEX,EAST ORANGE,458.0,479.0,937.0,543,542,1085
CINNAMINSON HIGH SCHOOL,5,840,30,BURLINGTON,CINNAMINSON TWP,570.0,575.0,1145.0,543,542,1085
CLASS ACADEMY,25,3260,3,MONMOUTH,MONMOUTH CO VOCATIONAL,,,0.0,543,542,1085
CLAYTON HIGH SCHOOL,15,860,30,GLOUCESTER,CLAYTON BORO,506.0,515.0,1021.0,543,542,1085
CLEARVIEW REGIONAL HIGH SCHOOL,15,870,20,GLOUCESTER,CLEARVIEW REGIONAL,581.0,570.0,1151.0,543,542,1085
CLIFFSIDE PARK HIGH SCHOOL,3,890,30,BERGEN,CLIFFSIDE PARK BORO,513.0,515.0,1028.0,543,542,1085
CLIFTON HIGH SCHOOL,31,900,30,PASSAIC,CLIFTON CITY,513.0,514.0,1027.0,543,542,1085
COLLINGSWOOD HIGH SCHOOL,7,940,30,CAMDEN,COLLINGSWOOD BORO,512.0,520.0,1032.0,543,542,1085
COLONIA HIGH SCHOOL,23,5850,20,MIDDLESEX,WOODBRIDGE TWP,517.0,524.0,1041.0,543,542,1085
COLTS NECK HIGH SCHOOL,25,1650,10,MONMOUTH,FREEHOLD REGIONAL,584.0,579.0,1163.0,543,542,1085
COLUMBIA HIGH SCHOOL,13,4900,30,ESSEX,SOUTH ORANGE-MAPLEWOOD,584.0,589.0,1173.0,543,542,1085
COMMUNICATIONS HIGH SCHOOL,25,3260,4,MONMOUTH,MONMOUTH CO VOCATIONAL,668.0,679.0,1347.0,543,542,1085
COUNTY PREP HIGH SCHOOL,17,2295,30,HUDSON,HUDSON COUNTY VOCATIONAL,523.0,522.0,1045.0,543,542,1085
CRANFORD HIGH SCHOOL,39,980,30,UNION,CRANFORD TWP,586.0,588.0,1174.0,543,542,1085
CREATIVE ARTS MORGAN VILLAGE ACADEMY,7,680,245,CAMDEN,CAMDEN CITY,406.0,431.0,837.0,543,542,1085
CRESSKILL HIGH SCHOOL,3,990,40,BERGEN,CRESSKILL BORO,607.0,597.0,1204.0,543,542,1085
CUMBERLAND REGIONAL HIGH SCHOOL,11,997,30,CUMBERLAND,CUMBERLAND REGIONAL,496.0,502.0,998.0,543,542,1085
DAVID BREARLEY MIDDLE/HIGH SCHOOL,39,2420,10,UNION,KENILWORTH BORO,490.0,506.0,996.0,543,542,1085
DAYLIGHT/TWILIGHT HIGH SCHOOL,21,5210,30,MERCER,TRENTON CITY,383.0,393.0,776.0,543,542,1085
DELAWARE VALLEY REGIONAL HIGH SCHOOL,19,1050,40,HUNTERDON,DELAWARE VALLEY REGIONAL,579.0,590.0,1169.0,543,542,1085
DELRAN HIGH SCHOOL,5,1060,5,BURLINGTON,DELRAN TWP,551.0,545.0,1096.0,543,542,1085
DELSEA REGIONAL HIGH SCHOOL,15,4940,50,GLOUCESTER,DELSEA REGIONAL H.S DIST.,532.0,535.0,1067.0,543,542,1085
DEPTFORD TOWNSHIP HIGH SCHOOL,15,1100,40,GLOUCESTER,DEPTFORD TWP,528.0,527.0,1055.0,543,542,1085
DOVER HIGH SCHOOL,27,1110,40,MORRIS,DOVER TOWN,515.0,509.0,1024.0,543,542,1085
DR RONALD MCNAIR HIGH SCHOOL,17,2390,75,HUDSON,JERSEY CITY,650.0,632.0,1282.0,543,542,1085
DR. CHARLES E. BRIMM MEDICAL ARTS HIGH SCHOOL,7,680,29,CAMDEN,CAMDEN CITY,488.0,487.0,975.0,543,542,1085
DUMONT HIGH SCHOOL,3,1130,40,BERGEN,DUMONT BORO,558.0,549.0,1107.0,543,542,1085
DUNELLEN HIGH SCHOOL,23,1140,40,MIDDLESEX,DUNELLEN BORO,532.0,554.0,1086.0,543,542,1085
DWIGHT MORROW HIGH SCHOOL/ACADEMIES@ENGLEWOOD,3,1370,40,BERGEN,ENGLEWOOD CITY,561.0,559.0,1120.0,543,542,1085
EAGLE ACADEMY FOR YOUNG MEN OF NEWARK,13,3570,307,ESSEX,NEWARK CITY,,,0.0,543,542,1085
EAST BRUNSWICK HIGH SCHOOL,23,1170,50,MIDDLESEX,EAST BRUNSWICK TWP,625.0,606.0,1231.0,543,542,1085
EAST ORANGE CAMPUS HIGH SCHOOL,13,1210,35,ESSEX,EAST ORANGE,402.0,422.0,824.0,543,542,1085
EAST ORANGE STEM ACADEMY HIGH SCHOOL,13,1210,30,ESSEX,EAST ORANGE,507.0,512.0,1019.0,543,542,1085
EAST SIDE HIGH SCHOOL,13,3570,40,ESSEX,NEWARK CITY,421.0,423.0,844.0,543,542,1085
EASTERN REGIONAL HIGH SCHOOL,7,1255,50,CAMDEN,EASTERN CAMDEN COUNTY REG,589.0,586.0,1175.0,543,542,1085
EDISON HIGH SCHOOL,23,1290,50,MIDDLESEX,EDISON TWP,558.0,554.0,1112.0,543,542,1085
EGG HARBOR TOWNSHIP HIGH SCHOOL,1,1310,5,ATLANTIC,EGG HARBOR TWP,540.0,546.0,1086.0,543,542,1085
ELIZABETH HIGH SCHOOL - FRANK J CICARELL ACADEMY,39,1320,25,UNION,ELIZABETH CITY,558.0,550.0,1108.0,543,542,1085
EMERSON JR SR HIGH,3,1360,50,BERGEN,EMERSON BORO,563.0,570.0,1133.0,543,542,1085
EWING HIGH SCHOOL,21,1430,50,MERCER,EWING TWP,488.0,507.0,995.0,543,542,1085
FAIR LAWN HIGH SCHOOL,3,1450,50,BERGEN,FAIR LAWN BORO,593.0,581.0,1174.0,543,542,1085
FLORENCE TOWNSHIP MEMORIAL HIGH SCHOOL,5,1520,50,BURLINGTON,FLORENCE TWP,567.0,577.0,1144.0,543,542,1085
FORT LEE HIGH SCHOOL,3,1550,50,BERGEN,FORT LEE BORO,600.0,584.0,1184.0,543,542,1085
FOUNDATION ACADEMY CHARTER SCHOOL,80,6017,932,CHARTERS,FOUNDATION ACADEMY CS,510.0,488.0,998.0,543,542,1085
FRANKLIN HIGH SCHOOL,35,1610,50,SOMERSET,FRANKLIN TWP,534.0,523.0,1057.0,543,542,1085
FREEDOM PREP CHARTER SCHOOL,80,6240,900,CHARTERS,FREEDOM PREP CHARTER SCHOOL,477.0,476.0,953.0,543,542,1085
FREEHOLD BOROUGH HIGH SCHOOL,25,1650,50,MONMOUTH,FREEHOLD REGIONAL,600.0,590.0,1190.0,543,542,1085
FREEHOLD TOWNSHIP HIGH SCHOOL,25,1650,55,MONMOUTH,FREEHOLD REGIONAL,566.0,569.0,1135.0,543,542,1085
GARFIELD AUXILIARY MS/HS,3,1700,301,BERGEN,GARFIELD CITY,,,0.0,543,542,1085
GARFIELD HIGH SCHOOL,3,1700,50,BERGEN,GARFIELD CITY,505.0,498.0,1003.0,543,542,1085
GARRETT MORGAN ACADEMY,31,4010,308,PASSAIC,PATERSON CITY,453.0,457.0,910.0,543,542,1085
GATEWAY REGIONAL HIGH SCHOOL,15,1715,50,GLOUCESTER,GATEWAY REGIONAL,520.0,538.0,1058.0,543,542,1085
GLASSBORO HIGH SCHOOL,15,1730,50,GLOUCESTER,GLASSBORO,521.0,515.0,1036.0,543,542,1085
GLEN RIDGE HIGH SCHOOL,13,1750,50,ESSEX,GLEN RIDGE BORO,601.0,609.0,1210.0,543,542,1085
GLEN ROCK HIGH SCHOOL,3,1760,50,BERGEN,GLEN ROCK BORO,619.0,611.0,1230.0,543,542,1085
GLOUCESTER CITY JR. SR. HIGH SCHOOL,7,1770,50,CAMDEN,GLOUCESTER CITY,458.0,466.0,924.0,543,542,1085
GLOUCESTER COUNTY INSTITUTE OF TECHNOLOGY,15,1775,10,GLOUCESTER,GLOUCESTER CO VOCATIONAL,567.0,581.0,1148.0,543,542,1085
GOVERNOR LIVINGSTON HIGH SCHOOL,39,310,5,UNION,BERKELEY HEIGHTS TWP,599.0,602.0,1201.0,543,542,1085
GREAT FUTURES CHARTER SCHOOL,80,6184,947,CHARTERS,GREAT FUTURES CHARTER SCHOOL,456.0,470.0,926.0,543,542,1085
GREAT OAKS LEGACY CHARTER SCHOOL,80,6053,917,CHARTERS,GREAT OAKS LEGACY CHARTER SCHOOL,518.0,466.0,984.0,543,542,1085
HACKENSACK HIGH SCHOOL,3,1860,50,BERGEN,HACKENSACK CITY,507.0,498.0,1005.0,543,542,1085
HACKETTSTOWN HIGH SCHOOL,41,1870,50,WARREN,HACKETTSTOWN,554.0,551.0,1105.0,543,542,1085
HADDON HEIGHTS JR./SR. HIGH SCHOOL,7,1880,50,CAMDEN,HADDON HEIGHTS BORO,525.0,524.0,1049.0,543,542,1085
HADDON TOWNSHIP HIGH SCHOOL,7,1890,50,CAMDEN,HADDON TWP,567.0,552.0,1119.0,543,542,1085
HADDONFIELD MEMORIAL HIGH SCHOOL,7,1900,50,CAMDEN,HADDONFIELD BORO,606.0,608.0,1214.0,543,542,1085
HAMILTON EAST - STEINERT,21,1950,50,MERCER,HAMILTON TWP,539.0,554.0,1093.0,543,542,1085
HAMILTON NORTH - NOTTINGHAM,21,1950,55,MERCER,HAMILTON TWP,509.0,524.0,1033.0,543,542,1085
HAMILTON WEST-WATSON,21,1950,60,MERCER,HAMILTON TWP,509.0,517.0,1026.0,543,542,1085
HAMMONTON HIGH SCHOOL,1,1960,50,ATLANTIC,HAMMONTON TOWN,543.0,534.0,1077.0,543,542,1085
HANOVER PARK HIGH SCHOOL,27,1990,50,MORRIS,HANOVER PARK REGIONAL,584.0,594.0,1178.0,543,542,1085
HARRISON HIGH SCHOOL,17,2060,50,HUDSON,HARRISON TOWN,487.0,494.0,981.0,543,542,1085
HASBROUCK HEIGHTS HIGH SCHOOL,3,2080,50,BERGEN,HASBROUCK HEIGHTS BORO,583.0,566.0,1149.0,543,542,1085
HAWTHORNE HIGH SCHOOL,31,2100,50,PASSAIC,HAWTHORNE BORO,506.0,533.0,1039.0,543,542,1085
HENRY HUDSON REGIONAL SCHOOL,25,2120,50,MONMOUTH,HENRY HUDSON REGIONAL,558.0,542.0,1100.0,543,542,1085
HENRY P. BECTON REGIONAL HIGH SCHOOL,3,745,50,BERGEN,CARLSTADT-EAST RUTHERFORD,522.0,529.0,1051.0,543,542,1085
HENRY SNYDER HIGH SCHOOL,17,2390,50,HUDSON,JERSEY CITY,418.0,430.0,848.0,543,542,1085
HIGH POINT REGIONAL HIGH SCHOOL,37,2165,30,SUSSEX,HIGH POINT REGIONAL,537.0,543.0,1080.0,543,542,1085
HIGH TECH HIGH SCHOOL,17,2295,50,HUDSON,HUDSON COUNTY VOCATIONAL,598.0,586.0,1184.0,543,542,1085
HIGH TECHNOLOGY HIGH SCHOOL,25,3260,10,MONMOUTH,MONMOUTH CO VOCATIONAL,766.0,726.0,1492.0,543,542,1085
HIGHLAND PARK HIGH SCHOOL,23,2150,50,MIDDLESEX,HIGHLAND PARK BORO,636.0,630.0,1266.0,543,542,1085
HIGHLAND REGIONAL HIGH SCHOOL,7,390,20,CAMDEN,BLACK HORSE PIKE REGIONAL,500.0,505.0,1005.0,543,542,1085
HIGHTSTOWN HIGH SCHOOL,21,1245,50,MERCER,EAST WINDSOR REGIONAL,560.0,558.0,1118.0,543,542,1085
HILLSBOROUGH HIGH SCHOOL,35,2170,30,SOMERSET,HILLSBOROUGH TWP,616.0,603.0,1219.0,543,542,1085
HILLSIDE HIGH SCHOOL,39,2190,50,UNION,HILLSIDE TWP,463.0,478.0,941.0,543,542,1085
HOBOKEN CHARTER SCHOOL,80,6720,930,CHARTERS,HOBOKEN CS,427.0,439.0,866.0,543,542,1085
HOBOKEN HIGH SCHOOL,17,2210,5,HUDSON,HOBOKEN CITY,446.0,463.0,909.0,543,542,1085
HOLMDEL HIGH SCHOOL,25,2230,20,MONMOUTH,HOLMDEL TWP,625.0,610.0,1235.0,543,542,1085
HOPATCONG HIGH SCHOOL,37,2240,30,SUSSEX,HOPATCONG,535.0,554.0,1089.0,543,542,1085
HOPEWELL VALLEY CENTRAL HIGH SCHOOL,21,2280,30,MERCER,HOPEWELL VALLEY REGIONAL,602.0,608.0,1210.0,543,542,1085
HOWELL HIGH SCHOOL,25,1650,60,MONMOUTH,FREEHOLD REGIONAL,561.0,566.0,1127.0,543,542,1085
HUNTERDON CENTRAL REGIONAL HIGH SCHOOL DISTRICT,19,2300,50,HUNTERDON,HUNTERDON CENTRAL REG,601.0,593.0,1194.0,543,542,1085
HUNTERDON COUNTY ACADEMIES,19,2308,300,HUNTERDON,HUNTERDON CO VOCATIONAL,,,0.0,543,542,1085
INDIAN HILLS HIGH SCHOOL,3,4300,30,BERGEN,RAMAPO-INDIAN HILL REG,574.0,584.0,1158.0,543,542,1085
INFINITY INSTITUTE,17,2390,2,HUDSON,JERSEY CITY,629.0,578.0,1207.0,543,542,1085
INNOVATION HIGH SCHOOL,17,2390,301,HUDSON,JERSEY CITY,464.0,472.0,936.0,543,542,1085
INTERNATIONAL HIGH SCHOOL,31,4010,35,PASSAIC,PATERSON CITY,429.0,442.0,871.0,543,542,1085
IRVINGTON HIGH SCHOOL,13,2330,50,ESSEX,IRVINGTON TOWNSHIP,418.0,435.0,853.0,543,542,1085
J. CHRISTIAN BOLLWAGE FINANCE ACADEMY,39,1320,303,UNION,ELIZABETH CITY,477.0,456.0,933.0,543,542,1085
JACKSON LIBERTY HIGH SCHOOL,29,2360,25,OCEAN,JACKSON TWP,550.0,549.0,1099.0,543,542,1085
JACKSON MEMORIAL HIGH SCHOOL,29,2360,20,OCEAN,JACKSON TWP,564.0,550.0,1114.0,543,542,1085
JAMES CALDWELL HIGH SCHOOL,13,660,50,ESSEX,CALDWELL-WEST CALDWELL,564.0,573.0,1137.0,543,542,1085
JAMES J FERRIS HIGH SCHOOL,17,2390,60,HUDSON,JERSEY CITY,434.0,426.0,860.0,543,542,1085
JEFFERSON TOWNSHIP HIGH SCHOOL,27,2380,20,MORRIS,JEFFERSON TWP,546.0,541.0,1087.0,543,542,1085
JOHN E. DWYER TECHNOLOGY ACADEMY,39,1320,401,UNION,ELIZABETH CITY,422.0,414.0,836.0,543,542,1085
JOHN F. KENNEDY MEMORIAL HIGH SCHOOL,23,5850,40,MIDDLESEX,WOODBRIDGE TWP,527.0,516.0,1043.0,543,542,1085
JOHN F. SCARPA TECHNICAL EDUCATION CENTER OF CUMBERLAND COUNTY,11,995,30,CUMBERLAND,CUMBERLAND CO VOCATIONAL,,,0.0,543,542,1085
JOHN P. STEVENS HIGH SCHOOL,23,1290,53,MIDDLESEX,EDISON TWP,657.0,621.0,1278.0,543,542,1085
JONATHAN DAYTON HIGH SCHOOL,39,5000,10,UNION,SPRINGFIELD TWP,571.0,579.0,1150.0,543,542,1085
KEANSBURG HIGH SCHOOL,25,2400,10,MONMOUTH,KEANSBURG BORO,476.0,482.0,958.0,543,542,1085
KEARNY HIGH SCHOOL,17,2410,50,HUDSON,KEARNY TOWN,496.0,508.0,1004.0,543,542,1085
KEYPORT HIGH SCHOOL,25,2430,50,MONMOUTH,KEYPORT BORO,497.0,499.0,996.0,543,542,1085
KINGSWAY REGIONAL HIGH SCHOOL,15,2440,50,GLOUCESTER,KINGSWAY REGIONAL,555.0,558.0,1113.0,543,542,1085
KINNELON HIGH SCHOOL,27,2460,50,MORRIS,KINNELON BORO,598.0,600.0,1198.0,543,542,1085
KITTATINNY REGIONAL HIGH SCHOOL,37,2465,50,SUSSEX,KITTATINNY REGIONAL,552.0,556.0,1108.0,543,542,1085
KNOWLEDGE ADVANCED SKILLS,17,2295,301,HUDSON,HUDSON COUNTY VOCATIONAL,,,0.0,543,542,1085
LACEY TOWNSHIP HIGH SCHOOL,29,2480,20,OCEAN,LACEY TWP,528.0,541.0,1069.0,543,542,1085
LAKELAND REGIONAL HIGH SCHOOL,31,2510,50,PASSAIC,LAKELAND REGIONAL,555.0,564.0,1119.0,543,542,1085
LAKEWOOD HIGH SCHOOL,29,2520,50,OCEAN,LAKEWOOD TWP,445.0,433.0,878.0,543,542,1085
LAWRENCE HIGH SCHOOL,21,2580,40,MERCER,LAWRENCE TWP,554.0,554.0,1108.0,543,542,1085
LEAD CHARTER SCHOOL,80,6109,953,CHARTERS,LEAD CHARTER SCHOOL,,,0.0,543,542,1085
LEAP ACADEMY UNIVERSITY CHARTER SCHOOL,80,7109,931,CHARTERS,LEAP ACADEMY UNIVERSITY CS,432.0,442.0,874.0,543,542,1085
LENAPE HIGH SCHOOL,5,2610,50,BURLINGTON,LENAPE REGIONAL,581.0,573.0,1154.0,543,542,1085
LENAPE VALLEY REGIONAL HIGH SCHOOL,37,2615,50,SUSSEX,LENAPE VALLEY REGIONAL,547.0,554.0,1101.0,543,542,1085
LEONIA HIGH SCHOOL,3,2620,50,BERGEN,LEONIA BORO,599.0,587.0,1186.0,543,542,1085
LIBERTY HIGH SCHOOL,17,2390,82,HUDSON,JERSEY CITY,497.0,510.0,1007.0,543,542,1085
LINCOLN HIGH SCHOOL,17,2390,70,HUDSON,JERSEY CITY,431.0,431.0,862.0,543,542,1085
LINDEN HIGH SCHOOL,39,2660,50,UNION,LINDEN CITY,473.0,489.0,962.0,543,542,1085
LINDENWOLD HIGH SCHOOL,7,2670,5,CAMDEN,LINDENWOLD BORO,453.0,461.0,914.0,543,542,1085
LIVINGSTON HIGH SCHOOL,13,2730,50,ESSEX,LIVINGSTON TWP,642.0,624.0,1266.0,543,542,1085
LODI HIGH SCHOOL,3,2740,50,BERGEN,LODI BOROUGH,494.0,490.0,984.0,543,542,1085
LONG BRANCH HIGH SCHOOL,25,2770,50,MONMOUTH,LONG BRANCH CITY,464.0,467.0,931.0,543,542,1085
LOWER CAPE MAY REGIONAL HIGH SCHOOL,9,2820,50,CAPE MAY,LOWER CAPE MAY REGIONAL,527.0,522.0,1049.0,543,542,1085
LYNDHURST HIGH SCHOOL,3,2860,50,BERGEN,LYNDHURST TWP,527.0,526.0,1053.0,543,542,1085
M.E.T.S. CHARTER SCHOOL,80,6068,951,CHARTERS,M E T S CHARTER SCHOOL,431.0,448.0,879.0,543,542,1085
MADISON HIGH SCHOOL,27,2870,50,MORRIS,MADISON BORO,606.0,607.0,1213.0,543,542,1085
MAHWAH HIGH SCHOOL,3,2900,50,BERGEN,MAHWAH TWP,616.0,594.0,1210.0,543,542,1085
MAINLAND REGIONAL HIGH SCHOOL,1,2910,50,ATLANTIC,MAINLAND REGIONAL,557.0,558.0,1115.0,543,542,1085
MALCOLM X SHABAZZ HIGH SCHOOL,13,3570,50,ESSEX,NEWARK CITY,380.0,396.0,776.0,543,542,1085
MANALAPAN HIGH SCHOOL,25,1650,70,MONMOUTH,FREEHOLD REGIONAL,583.0,573.0,1156.0,543,542,1085
MANASQUAN HIGH SCHOOL,25,2930,50,MONMOUTH,MANASQUAN BORO,576.0,570.0,1146.0,543,542,1085
MANCHESTER TOWNSHIP HIGH SCHOOL,29,2940,40,OCEAN,MANCHESTER TWP,537.0,520.0,1057.0,543,542,1085
MANVILLE HIGH SCHOOL,35,3000,50,SOMERSET,MANVILLE BORO,528.0,535.0,1063.0,543,542,1085
MAPLE SHADE HIGH SCHOOL,5,3010,30,BURLINGTON,MAPLE SHADE TWP,526.0,520.0,1046.0,543,542,1085
MARINE ACADEMY OF SCIENCE AND TECHNOLOGY,25,3260,20,MONMOUTH,MONMOUTH CO VOCATIONAL,671.0,676.0,1347.0,543,542,1085
MARINE ACADEMY OF TECHNOLOGY AND ENVIRONMENTAL SCIENCE,29,3790,45,OCEAN,OCEAN COUNTY VOCATIONAL,724.0,689.0,1413.0,543,542,1085
MARION P. THOMAS CHARTER SCHOOL,80,7210,940,CHARTERS,MARION P. THOMAS CS,413.0,437.0,850.0,543,542,1085
MARLBORO HIGH SCHOOL,25,1650,80,MONMOUTH,FREEHOLD REGIONAL,613.0,604.0,1217.0,543,542,1085
MATAWAN REGIONAL HIGH SCHOOL,25,3040,50,MONMOUTH,MATAWAN-ABERDEEN REGIONAL,566.0,541.0,1107.0,543,542,1085
MCVS ASSUNPINK CENTER,21,3105,30,MERCER,MERCER COUNTY VOCATIONAL,,,0.0,543,542,1085
MEMORIAL HIGH SCHOOL,17,5670,50,HUDSON,WEST NEW YORK TOWN,483.0,480.0,963.0,543,542,1085
MEMORIAL SENIOR HIGH SCHOOL,3,1345,50,BERGEN,ELMWOOD PARK,488.0,506.0,994.0,543,542,1085
MERCER COUNTY TECHNICAL SCHOOL CULINARY ARTS ACADEMY,21,3105,300,MERCER,MERCER COUNTY VOCATIONAL,,,0.0,543,542,1085
MERCER COUNTY TECHNICAL SCHOOL HEALTH SCIENCES ACADEMY,21,3105,304,MERCER,MERCER COUNTY VOCATIONAL,618.0,598.0,1216.0,543,542,1085
MERCER COUNTY TECHNICAL SCHOOL STEM ACADEMY,21,3105,302,MERCER,MERCER COUNTY VOCATIONAL,,,0.0,543,542,1085
METUCHEN HIGH SCHOOL,23,3120,50,MIDDLESEX,METUCHEN BORO,594.0,599.0,1193.0,543,542,1085
MIDDLE TOWNSHIP HIGH SCHOOL,9,3130,50,CAPE MAY,MIDDLE TWP,536.0,534.0,1070.0,543,542,1085
MIDDLESEX CO VOC SCHOOL EAST BRUNS. SCHOOL OF CAREER DEVELOP,23,3150,301,MIDDLESEX,MIDDLESEX CO VOCATIONAL,426.0,457.0,883.0,543,542,1085
MIDDLESEX CO VOC SCHOOL PISCATAWAY SCHOOL OF CAREER DEVELOP,23,3150,300,MIDDLESEX,MIDDLESEX CO VOCATIONAL,,,0.0,543,542,1085
MIDDLESEX COUNTY VOC ACAD ALLIED HEALTH & BIOMEDICAL SCIENCE,23,3150,70,MIDDLESEX,MIDDLESEX CO VOCATIONAL,696.0,682.0,1378.0,543,542,1085
MIDDLESEX COUNTY VOC ACADEMY MATH SCIENCE &ENGINEERING TECHN,23,3150,10,MIDDLESEX,MIDDLESEX CO VOCATIONAL,767.0,731.0,1498.0,543,542,1085
MIDDLESEX COUNTY VOCATIONAL SCHOOL  EAST  BRUNSWICK,23,3150,40,MIDDLESEX,MIDDLESEX CO VOCATIONAL,508.0,538.0,1046.0,543,542,1085
MIDDLESEX COUNTY VOCATIONAL SCHOOL PERTH AMBOY,23,3150,60,MIDDLESEX,MIDDLESEX CO VOCATIONAL,486.0,495.0,981.0,543,542,1085
MIDDLESEX COUNTY VOCATIONAL SCHOOL PISCATAWAY,23,3150,65,MIDDLESEX,MIDDLESEX CO VOCATIONAL,464.0,474.0,938.0,543,542,1085
MIDDLESEX HIGH SCHOOL,23,3140,50,MIDDLESEX,MIDDLESEX BORO,553.0,527.0,1080.0,543,542,1085
MIDDLETOWN HIGH SCHOOL NORTH,25,3160,50,MONMOUTH,MIDDLETOWN TWP,555.0,548.0,1103.0,543,542,1085
MIDDLETOWN HIGH SCHOOL SOUTH,25,3160,53,MONMOUTH,MIDDLETOWN TWP,594.0,584.0,1178.0,543,542,1085
MIDLAND PARK JR./SR. HIGH SCHOOL,3,3170,50,BERGEN,MIDLAND PARK BORO,533.0,560.0,1093.0,543,542,1085
MILLBURN HIGH SCHOOL,13,3190,50,ESSEX,MILLBURN TWP,682.0,665.0,1347.0,543,542,1085
MILLVILLE SENIOR HIGH SCHOOL,11,3230,50,CUMBERLAND,MILLVILLE CITY,507.0,517.0,1024.0,543,542,1085
MONMOUTH REGIONAL HIGH SCHOOL,25,3270,50,MONMOUTH,MONMOUTH REGIONAL,530.0,540.0,1070.0,543,542,1085
MONROE TOWNSHIP HIGH SCHOOL,23,3290,5,MIDDLESEX,MONROE TWP,597.0,586.0,1183.0,543,542,1085
MONTCLAIR HIGH SCHOOL,13,3310,50,ESSEX,MONTCLAIR TOWN,593.0,599.0,1192.0,543,542,1085
MONTGOMERY HIGH SCHOOL,35,3320,30,SOMERSET,MONTGOMERY TWP,670.0,641.0,1311.0,543,542,1085
MONTVILLE TOWNSHIP HIGH SCHOOL,27,3340,10,MORRIS,MONTVILLE TWP,619.0,598.0,1217.0,543,542,1085
MOORESTOWN HIGH SCHOOL,5,3360,40,BURLINGTON,MOORESTOWN TWP,616.0,607.0,1223.0,543,542,1085
MORRIS COUNTY SCHOOL OF TECHNOLOGY,27,3365,50,MORRIS,MORRIS COUNTY VOCATIONAL,616.0,623.0,1239.0,543,542,1085
MORRIS HILLS HIGH SCHOOL,27,3370,50,MORRIS,MORRIS HILLS REGIONAL,591.0,582.0,1173.0,543,542,1085
MORRIS KNOLLS HIGH SCHOOL,27,3370,60,MORRIS,MORRIS HILLS REGIONAL,574.0,573.0,1147.0,543,542,1085
MORRISTOWN HIGH SCHOOL,27,3385,50,MORRIS,MORRIS SCHOOL DISTRICT,571.0,581.0,1152.0,543,542,1085
MOUNT OLIVE HIGH SCHOOL,27,3450,10,MORRIS,MOUNT OLIVE TWP,588.0,571.0,1159.0,543,542,1085
MOUNTAIN LAKES HIGH SCHOOL,27,3460,50,MORRIS,MOUNTAIN LAKES BORO,627.0,631.0,1258.0,543,542,1085
NEPTUNE HIGH SCHOOL,25,3510,50,MONMOUTH,NEPTUNE TWP,476.0,496.0,972.0,543,542,1085
NEW BRUNSWICK HIGH SCHOOL,23,3530,50,MIDDLESEX,NEW BRUNSWICK CITY,474.0,470.0,944.0,543,542,1085
NEW EGYPT HIGH SCHOOL,29,4190,10,OCEAN,PLUMSTED TWP,563.0,556.0,1119.0,543,542,1085
NEW MILFORD HIGH SCHOOL,3,3550,50,BERGEN,NEW MILFORD BORO,560.0,559.0,1119.0,543,542,1085
NEW PROVIDENCE HIGH SCHOOL,39,3560,50,UNION,NEW PROVIDENCE BORO,615.0,607.0,1222.0,543,542,1085
NEWARK LEADERSHIP ACADEMY,13,3570,302,ESSEX,NEWARK CITY,,,0.0,543,542,1085
NEWARK TECH,13,1390,70,ESSEX,ESSEX CO VOC-TECH,476.0,474.0,950.0,543,542,1085
NEWTON HIGH SCHOOL,37,3590,50,SUSSEX,NEWTON TOWN,562.0,563.0,1125.0,543,542,1085
NORTH 13TH ST TECH,13,1390,50,ESSEX,ESSEX CO VOC-TECH,471.0,467.0,938.0,543,542,1085
NORTH ARLINGTON HIGH SCHOOL,3,3600,50,BERGEN,NORTH ARLINGTON BORO,515.0,523.0,1038.0,543,542,1085
NORTH BERGEN HIGH SCHOOL,17,3610,50,HUDSON,NORTH BERGEN TWP,482.0,495.0,977.0,543,542,1085
NORTH BRUNSWICK TOWNSHIP HIGH SCHOOL,23,3620,40,MIDDLESEX,NORTH BRUNSWICK TWP,558.0,550.0,1108.0,543,542,1085
NORTH HUNTERDON HIGH SCHOOL,19,3660,50,HUNTERDON,N HUNT/VOORHEES REGIONAL,611.0,601.0,1212.0,543,542,1085
NORTH PLAINFIELD HIGH SCHOOL,35,3670,50,SOMERSET,NORTH PLAINFIELD BORO,491.0,487.0,978.0,543,542,1085
NORTH STAR ACADEMY CHARTER SCHOOL,80,7320,960,CHARTERS,NORTH STAR ACADEMY CHARTER SCHOOL,559.0,547.0,1106.0,543,542,1085
NORTH WARREN REGIONAL SCHOOL,41,3675,50,WARREN,NORTH WARREN REGIONAL,567.0,567.0,1134.0,543,542,1085
NORTHERN BURLINGTON COUNTY REGIONAL HIGH SCHOOL,5,3690,50,BURLINGTON,NORTHERN BURLINGTON REG,563.0,570.0,1133.0,543,542,1085
NORTHERN HIGHLANDS REGIONAL HIGH SCHOOL,3,3700,50,BERGEN,NORTHERN HIGHLANDS REG,643.0,625.0,1268.0,543,542,1085
NORTHERN VALLEY REGIONAL HIGH SCHOOL AT DEMAREST,3,3710,50,BERGEN,NORTHERN VALLEY REGIONAL,642.0,624.0,1266.0,543,542,1085
NORTHERN VALLEY REGIONAL HIGH SCHOOL AT OLD TAPPAN,3,3710,60,BERGEN,NORTHERN VALLEY REGIONAL,607.0,612.0,1219.0,543,542,1085
NUTLEY HIGH SCHOOL,13,3750,50,ESSEX,NUTLEY TOWN,547.0,543.0,1090.0,543,542,1085
OAKCREST HIGH SCHOOL,1,1790,50,ATLANTIC,GREATER EGG HARBOR REG,482.0,497.0,979.0,543,542,1085
OCEAN CITY HIGH SCHOOL,9,3780,50,CAPE MAY,OCEAN CITY,558.0,562.0,1120.0,543,542,1085
OCEAN COUNTY VOCATIONAL TECHNICAL SCHOOL WARETOWN CENTER,29,3790,40,OCEAN,OCEAN COUNTY VOCATIONAL,,,0.0,543,542,1085
OCEAN TOWNSHIP HIGH SCHOOL,25,3810,30,MONMOUTH,OCEAN TWP,562.0,565.0,1127.0,543,542,1085
OLD BRIDGE HIGH SCHOOL,23,3845,40,MIDDLESEX,OLD BRIDGE TWP,563.0,562.0,1125.0,543,542,1085
ORANGE HIGH SCHOOL,13,3880,50,ESSEX,CITY OF ORANGE TWP,437.0,442.0,879.0,543,542,1085
OVERBROOK SENIOR HIGH SCHOOL,7,4110,10,CAMDEN,PINE HILL BORO,488.0,506.0,994.0,543,542,1085
PALISADES PARK JR-SR HIGH SCHOOL,3,3910,50,BERGEN,PALISADES PARK,578.0,551.0,1129.0,543,542,1085
PALMYRA HIGH SCHOOL,5,3920,50,BURLINGTON,PALMYRA BORO,543.0,553.0,1096.0,543,542,1085
PARAMUS HIGH SCHOOL,3,3930,50,BERGEN,PARAMUS BORO,574.0,560.0,1134.0,543,542,1085
PARK RIDGE HIGH SCHOOL,3,3940,50,BERGEN,PARK RIDGE BORO,594.0,582.0,1176.0,543,542,1085
PARSIPPANY HIGH SCHOOL,27,3950,50,MORRIS,PARSIPPANY-TROY HILLS TWP,578.0,562.0,1140.0,543,542,1085
PARSIPPANY HILLS HIGH SCHOOL,27,3950,53,MORRIS,PARSIPPANY-TROY HILLS TWP,613.0,600.0,1213.0,543,542,1085
PASCACK HILLS HIGH SCHOOL,3,3960,40,BERGEN,PASCACK VALLEY REGIONAL,594.0,588.0,1182.0,543,542,1085
PASCACK VALLEY HIGH SCHOOL,3,3960,50,BERGEN,PASCACK VALLEY REGIONAL,577.0,570.0,1147.0,543,542,1085
PASSAIC COUNTY TECHNICAL INSTITUTE,31,3995,50,PASSAIC,PASSAIC COUNTY VOCATIONAL,519.0,517.0,1036.0,543,542,1085
PASSAIC COUNTY-MANCHESTER REGIONAL HIGH SCHOOL,31,3980,10,PASSAIC,PASSAIC CO MANCHESTER REG,473.0,478.0,951.0,543,542,1085
PASSAIC HIGH SCHOOL NO. 12,31,3970,50,PASSAIC,PASSAIC CITY,440.0,432.0,872.0,543,542,1085
PASSAIC VALLEY REGIONAL HIGH SCHOOL,31,3990,50,PASSAIC,PASSAIC VALLEY REGIONAL,533.0,528.0,1061.0,543,542,1085
PATERSON CHARTER SCHOOL FOR SCIENCE/TECHNOLOGY,80,7503,970,CHARTERS,PATERSON CS FOR SCI/TECH,457.0,455.0,912.0,543,542,1085
PAULSBORO HIGH SCHOOL,15,4020,50,GLOUCESTER,PAULSBORO BORO,469.0,468.0,937.0,543,542,1085
PEMBERTON TOWNSHIP HIGH SCHOOL,5,4050,55,BURLINGTON,PEMBERTON TWP,494.0,522.0,1016.0,543,542,1085
PENNS GROVE HIGH SCHOOL,33,4070,50,SALEM,PENNS GRV-CARNEY'S PT REG,471.0,483.0,954.0,543,542,1085
PENNSAUKEN HIGH SCHOOL,7,4060,50,CAMDEN,PENNSAUKEN TWP,473.0,472.0,945.0,543,542,1085
PENNSVILLE MEMORIAL HIGH SCHOOL,33,4075,50,SALEM,PENNSVILLE,522.0,535.0,1057.0,543,542,1085
PEOPLES PREPARATORY CHARTER SCHOOL,80,6057,938,CHARTERS,PEOPLES PREPARATORY CHARTER SCHOOL,453.0,478.0,931.0,543,542,1085
PEQUANNOCK TOWNSHIP HIGH SCHOOL,27,4080,50,MORRIS,PEQUANNOCK TWP,564.0,559.0,1123.0,543,542,1085
PERFORMING ARTS ACADEMY OF THE OCEAN COUNTY VOCATIONAL TECH,29,3790,55,OCEAN,OCEAN COUNTY VOCATIONAL,540.0,552.0,1092.0,543,542,1085
PERTH AMBOY HIGH SCHOOL,23,4090,50,MIDDLESEX,PERTH AMBOY CITY,469.0,458.0,927.0,543,542,1085
PHILLIPSBURG HIGH SCHOOL,41,4100,50,WARREN,PHILLIPSBURG TOWN,551.0,553.0,1104.0,543,542,1085
PINELANDS REGIONAL HIGH SCHOOL,29,4105,50,OCEAN,PINELANDS REGIONAL,523.0,554.0,1077.0,543,542,1085
PISCATAWAY TOWNSHIP HIGH SCHOOL,23,4130,50,MIDDLESEX,PISCATAWAY TWP,555.0,541.0,1096.0,543,542,1085
PITMAN HIGH SCHOOL,15,4140,50,GLOUCESTER,PITMAN BORO,541.0,553.0,1094.0,543,542,1085
PLAINFIELD ACADEMY FOR THE ARTS & ADVANCED STUDIES,39,4160,52,UNION,PLAINFIELD CITY,486.0,483.0,969.0,543,542,1085
PLAINFIELD HIGH SCHOOL,39,4160,50,UNION,PLAINFIELD CITY,439.0,447.0,886.0,543,542,1085
PLEASANTVILLE HIGH SCHOOL,1,4180,50,ATLANTIC,PLEASANTVILLE CITY,443.0,451.0,894.0,543,542,1085
POINT PLEASANT BEACH HIGH SCHOOL,29,4220,50,OCEAN,POINT PLEASANT BEACH BORO,581.0,579.0,1160.0,543,542,1085
POINT PLEASANT BOROUGH HIGH SCHOOL,29,4210,30,OCEAN,POINT PLEASANT BORO,558.0,563.0,1121.0,543,542,1085
POMPTON LAKES HIGH SCHOOL,31,4230,50,PASSAIC,POMPTON LAKES BORO,566.0,562.0,1128.0,543,542,1085
PRINCETON HIGH SCHOOL,21,4255,50,MERCER,PRINCETON REGIONAL,666.0,654.0,1320.0,543,542,1085
RAHWAY HIGH SCHOOL,39,4290,50,UNION,RAHWAY CITY,497.0,502.0,999.0,543,542,1085
RAMAPO HIGH SCHOOL,3,4300,50,BERGEN,RAMAPO-INDIAN HILL REG,585.0,586.0,1171.0,543,542,1085
RAMSEY HIGH SCHOOL,3,4310,50,BERGEN,RAMSEY BORO,586.0,590.0,1176.0,543,542,1085
RANCOCAS VALLEY REGIONAL HIGH SCHOOL,5,4320,50,BURLINGTON,RANCOCAS VALLEY REGIONAL,538.0,543.0,1081.0,543,542,1085
RANDOLPH HIGH SCHOOL,27,4330,50,MORRIS,RANDOLPH TWP,591.0,588.0,1179.0,543,542,1085
RARITAN HIGH SCHOOL,25,2105,50,MONMOUTH,HAZLET TWP,535.0,544.0,1079.0,543,542,1085
RED BANK REGIONAL HIGH SCHOOL,25,4365,50,MONMOUTH,RED BANK REGIONAL,578.0,585.0,1163.0,543,542,1085
RIDGE HIGH SCHOOL,35,350,50,SOMERSET,BERNARDS TWP,663.0,639.0,1302.0,543,542,1085
RIDGEFIELD MEMORIAL HIGH SCHOOL,3,4370,50,BERGEN,RIDGEFIELD BORO,547.0,537.0,1084.0,543,542,1085
RIDGEFIELD PARK JR SR HIGH SCHOOL,3,4380,50,BERGEN,RIDGEFIELD PARK TWP,512.0,516.0,1028.0,543,542,1085
RIDGEWOOD HIGH SCHOOL,3,4390,50,BERGEN,RIDGEWOOD VILLAGE,642.0,627.0,1269.0,543,542,1085
RIVER DELL REGIONAL HIGH SCHOOL,3,4405,50,BERGEN,RIVER DELL REGIONAL,621.0,605.0,1226.0,543,542,1085
RIVERSIDE HIGH SCHOOL,5,4450,50,BURLINGTON,RIVERSIDE TWP,493.0,505.0,998.0,543,542,1085
ROBBINSVILLE HIGH SCHOOL,21,5510,30,MERCER,ROBBINSVILLE TWP,590.0,593.0,1183.0,543,542,1085
ROSA L. PARKS SCHOOL OF FINE AND PERFORMING ARTS,31,4010,20,PASSAIC,PATERSON CITY,444.0,469.0,913.0,543,542,1085
ROSELLE PARK HIGH SCHOOL,39,4550,50,UNION,ROSELLE PARK BORO,526.0,510.0,1036.0,543,542,1085
ROXBURY HIGH SCHOOL,27,4560,50,MORRIS,ROXBURY TWP,554.0,554.0,1108.0,543,542,1085
RUMSON-FAIR HAVEN REGIONAL HIGH SCHOOL,25,4580,50,MONMOUTH,RUMSON-FAIR HAVEN REG,603.0,600.0,1203.0,543,542,1085
RUTHERFORD HIGH SCHOOL,3,4600,50,BERGEN,RUTHERFORD BORO,561.0,560.0,1121.0,543,542,1085
SADDLE BROOK MIDDLE/HIGH SCHOOL,3,4610,50,BERGEN,SADDLE BROOK TWP,516.0,526.0,1042.0,543,542,1085
SALEM COUNTY CAREER AND TECHNICAL HIGH SCHOOL,33,4640,40,SALEM,SALEM COUNTY VOCATIONAL,540.0,540.0,1080.0,543,542,1085
SALEM HIGH SCHOOL,33,4630,50,SALEM,SALEM CITY,437.0,446.0,883.0,543,542,1085
SAYREVILLE WAR MEMORIAL HIGH SCHOOL,23,4660,50,MIDDLESEX,SAYREVILLE BORO,539.0,529.0,1068.0,543,542,1085
SCHOOL OF ARCHITECTURE AND CONSTRUCTION TRADES,31,4010,307,PASSAIC,PATERSON CITY,411.0,427.0,838.0,543,542,1085
"SCHOOL OF BUSINESS, TECHNOLOGY, MARKETING AND FINANCE",31,4010,306,PASSAIC,PATERSON CITY,431.0,433.0,864.0,543,542,1085
"SCHOOL OF CULINARY ARTS, HOSPITALITY AND TOURISM",31,4010,2,PASSAIC,PATERSON CITY,416.0,433.0,849.0,543,542,1085
SCHOOL OF EARTH AND SPACE SCIENCE,31,4010,5,PASSAIC,PATERSON CITY,446.0,456.0,902.0,543,542,1085
SCHOOL OF EDUCATION AND TRAINING,31,4010,305,PASSAIC,PATERSON CITY,398.0,414.0,812.0,543,542,1085
SCHOOL OF GOVERNMENT AND PUBLIC ADMINISTRATION,31,4010,3,PASSAIC,PATERSON CITY,422.0,421.0,843.0,543,542,1085
SCHOOL OF HEALTH SCIENCE,31,4010,4,PASSAIC,PATERSON CITY,455.0,465.0,920.0,543,542,1085
SCHOOL OF INFORMATION TECHNOLOGY,31,4010,1,PASSAIC,PATERSON CITY,413.0,426.0,839.0,543,542,1085
"SCHOOL OF SCIENCE, TECHNOLOGY, ENGINEERING AND MATHEMATICS",31,4010,304,PASSAIC,PATERSON CITY,472.0,468.0,940.0,543,542,1085
SCIENCE PARK HIGH SCHOOL,13,3570,55,ESSEX,NEWARK CITY,593.0,568.0,1161.0,543,542,1085
SCOTCH PLAINS-FANWOOD HIGH SCHOOL,39,4670,50,UNION,SCOTCH PLAINS-FANWOOD REG,594.0,579.0,1173.0,543,542,1085
SECAUCUS HIGH SCHOOL,17,4730,50,HUDSON,SECAUCUS TOWN,543.0,536.0,1079.0,543,542,1085
SENECA HIGH SCHOOL,5,2610,70,BURLINGTON,LENAPE REGIONAL,552.0,570.0,1122.0,543,542,1085
SHAWNEE HIGH SCHOOL,5,2610,60,BURLINGTON,LENAPE REGIONAL,576.0,581.0,1157.0,543,542,1085
SHORE REGIONAL HIGH SCHOOL,25,4760,50,MONMOUTH,SHORE REGIONAL,547.0,559.0,1106.0,543,542,1085
SLOCUM SKEWES SCHOOL,3,4370,100,BERGEN,RIDGEFIELD BORO,,,0.0,543,542,1085
SOMERSET COUNTY VOCATIONAL TECHNICAL HIGH SCHOOL,35,4810,70,SOMERSET,SOMERSET CO VOCATIONAL,646.0,626.0,1272.0,543,542,1085
SOMERVILLE HIGH SCHOOL,35,4820,50,SOMERSET,SOMERVILLE BORO,582.0,578.0,1160.0,543,542,1085
SOUTH AMBOY MIDDLE/HIGH SCHOOL,23,4830,30,MIDDLESEX,SOUTH AMBOY CITY,543.0,544.0,1087.0,543,542,1085
SOUTH BRUNSWICK HIGH SCHOOL,23,4860,50,MIDDLESEX,SOUTH BRUNSWICK TWP,620.0,605.0,1225.0,543,542,1085
SOUTH HUNTERDON REGIONAL HIGH SCHOOL,19,1376,50,HUNTERDON,SOUTH HUNTERDON REGIONAL SCHOOL DISTRICT,559.0,565.0,1124.0,543,542,1085
SOUTH PLAINFIELD HIGH SCHOOL,23,4910,50,MIDDLESEX,SOUTH PLAINFIELD BORO,547.0,541.0,1088.0,543,542,1085
SOUTH RIVER HIGH SCHOOL,23,4920,50,MIDDLESEX,SOUTH RIVER BORO,532.0,524.0,1056.0,543,542,1085
SOUTHERN REGIONAL HIGH SCHOOL,29,4950,50,OCEAN,SOUTHERN REGIONAL,557.0,546.0,1103.0,543,542,1085
SPARTA HIGH SCHOOL,37,4960,50,SUSSEX,SPARTA TWP,566.0,574.0,1140.0,543,542,1085
SPOTSWOOD HIGH SCHOOL,23,4970,40,MIDDLESEX,SPOTSWOOD BORO,573.0,561.0,1134.0,543,542,1085
STERLING HIGH SCHOOL,7,5035,50,CAMDEN,STERLING HIGH SCHOOL DIST,520.0,536.0,1056.0,543,542,1085
SUMMIT HIGH SCHOOL,39,5090,50,UNION,SUMMIT CITY,604.0,595.0,1199.0,543,542,1085
SUSSEX COUNTY TECHNICAL SCHOOL,37,5110,10,SUSSEX,SUSSEX COUNTY VOCATIONAL,528.0,531.0,1059.0,543,542,1085
TEAM ACADEMY CHARTER SCHOOL,80,7325,965,CHARTERS,TEAM ACADEMY CHARTER SCHOOL,444.0,461.0,905.0,543,542,1085
TEANECK HIGH SCHOOL,3,5150,50,BERGEN,TEANECK TWP,525.0,531.0,1056.0,543,542,1085
TECHNOLOGY HIGH SCHOOL,13,3570,56,ESSEX,NEWARK CITY,518.0,495.0,1013.0,543,542,1085
TENAFLY HIGH SCHOOL,3,5160,50,BERGEN,TENAFLY BORO,682.0,658.0,1340.0,543,542,1085
THE BARACK OBAMA GREEN CHARTER HIGH SCHOOL,80,6033,902,CHARTERS,THE BARACK OBAMA GREEN CHARTER HIGH SCHOOL,441.0,447.0,888.0,543,542,1085
THOMAS A. EDISON CAREER AND TECHNICAL ACADEMY,39,1320,404,UNION,ELIZABETH CITY,412.0,412.0,824.0,543,542,1085
THOMAS JEFFERSON ARTS ACADEMY,39,1320,403,UNION,ELIZABETH CITY,438.0,441.0,879.0,543,542,1085
TIMBER CREEK REGIONAL HIGH SCHOOL,7,390,30,CAMDEN,BLACK HORSE PIKE REGIONAL,508.0,511.0,1019.0,543,542,1085
TOMS RIVER HIGH SCHOOL EAST,29,5190,30,OCEAN,TOMS RIVER REGIONAL,564.0,551.0,1115.0,543,542,1085
TOMS RIVER HIGH SCHOOL NORTH,29,5190,40,OCEAN,TOMS RIVER REGIONAL,569.0,561.0,1130.0,543,542,1085
TOMS RIVER HIGH SCHOOL SOUTH,29,5190,50,OCEAN,TOMS RIVER REGIONAL,548.0,544.0,1092.0,543,542,1085
TRENTON CENTRAL HIGH SCHOOL - MAIN CAMPUS,21,5210,50,MERCER,TRENTON CITY,410.0,431.0,841.0,543,542,1085
TRENTON CENTRAL HIGH SCHOOL - WEST CAMPUS,21,5210,51,MERCER,TRENTON CITY,390.0,407.0,797.0,543,542,1085
TRENTON STEM-TO-CIVICS CHARTER SCHOOL,80,6183,914,CHARTERS,TRENTON STEM-TO-CIVICS CS,421.0,438.0,859.0,543,542,1085
TRITON REGIONAL HIGH SCHOOL,7,390,50,CAMDEN,BLACK HORSE PIKE REGIONAL,522.0,528.0,1050.0,543,542,1085
UNION CITY HIGH SCHOOL,17,5240,55,HUDSON,UNION CITY,454.0,455.0,909.0,543,542,1085
UNION COUNTY MAGNET HIGH SCHOOL,39,5260,40,UNION,UNION COUNTY VOCATIONAL,714.0,686.0,1400.0,543,542,1085
UNION COUNTY TEAMS CHARTER SCHOOL,80,8010,980,CHARTERS,UNION COUNTY TEAMS CS,432.0,468.0,900.0,543,542,1085
UNION COUNTY TECH,39,5260,50,UNION,UNION COUNTY VOCATIONAL,612.0,609.0,1221.0,543,542,1085
UNION HIGH SCHOOL,39,5290,50,UNION,UNION TWP,502.0,510.0,1012.0,543,542,1085
UNIVERSITY ACADEMY CHARTER HIGH SCHOOL,80,8060,990,CHARTERS,UNIVERSITY ACADEMY CS,459.0,463.0,922.0,543,542,1085
UNIVERSITY HIGH SCHOOL,13,3570,57,ESSEX,NEWARK CITY,460.0,471.0,931.0,543,542,1085
UPLIFT ACADEMY,13,3570,2,ESSEX,NEWARK CITY,375.0,394.0,769.0,543,542,1085
VERNON TOWNSHIP HIGH SCHOOL,37,5360,20,SUSSEX,VERNON TWP,542.0,551.0,1093.0,543,542,1085
VERONA HIGH SCHOOL,13,5370,50,ESSEX,VERONA BORO,592.0,605.0,1197.0,543,542,1085
VINELAND SENIOR HIGH SCHOOL,11,5390,50,CUMBERLAND,VINELAND CITY,515.0,508.0,1023.0,543,542,1085
VOORHEES HIGH SCHOOL,19,3660,60,HUNTERDON,N HUNT/VOORHEES REGIONAL,604.0,599.0,1203.0,543,542,1085
WALDWICK HIGH SCHOOL,3,5410,30,BERGEN,WALDWICK BORO,556.0,551.0,1107.0,543,542,1085
WALL HIGH SCHOOL,25,5420,50,MONMOUTH,WALL TWP,573.0,566.0,1139.0,543,542,1085
WALLINGTON JUNIOR SENIOR HIGH SCHOOL,3,5430,50,BERGEN,WALLINGTON BORO,517.0,517.0,1034.0,543,542,1085
WALLKILL VALLEY REGIONAL HIGH SCHOOL,37,5435,60,SUSSEX,WALLKILL VALLEY REGIONAL,535.0,545.0,1080.0,543,542,1085
WARREN COUNTY VOCATIONAL TECHNICAL SCHOOL,41,5460,50,WARREN,WARREN COUNTY VOCATIONAL,518.0,548.0,1066.0,543,542,1085
WARREN HILLS REGIONAL HIGH SCHOOL,41,5465,50,WARREN,WARREN HILLS REGIONAL,528.0,555.0,1083.0,543,542,1085
WASHINGTON TOWNSHIP HIGH SCHOOL,15,5500,10,GLOUCESTER,WASHINGTON TWP,544.0,550.0,1094.0,543,542,1085
WATCHUNG HILLS REGIONAL HIGH SCHOOL,35,5550,50,SOMERSET,WATCHUNG HILLS REGIONAL,626.0,622.0,1248.0,543,542,1085
WAYNE HILLS HIGH SCHOOL,31,5570,55,PASSAIC,WAYNE TWP,587.0,568.0,1155.0,543,542,1085
WAYNE VALLEY HIGH SCHOOL,31,5570,50,PASSAIC,WAYNE TWP,577.0,561.0,1138.0,543,542,1085
WEEHAWKEN HIGH SCHOOL,17,5580,50,HUDSON,WEEHAWKEN TWP,491.0,519.0,1010.0,543,542,1085
WEEQUAHIC HIGH SCHOOL,13,3570,70,ESSEX,NEWARK CITY,394.0,413.0,807.0,543,542,1085
WEST CALDWELL TECH,13,1390,80,ESSEX,ESSEX CO VOC-TECH,462.0,473.0,935.0,543,542,1085
WEST DEPTFORD HIGH SCHOOL,15,5620,50,GLOUCESTER,WEST DEPTFORD TWP,531.0,539.0,1070.0,543,542,1085
WEST ESSEX HIGH SCHOOL,13,5630,50,ESSEX,WEST ESSEX REGIONAL,585.0,591.0,1176.0,543,542,1085
WEST MILFORD HIGH SCHOOL,31,5650,40,PASSAIC,WEST MILFORD TWP,529.0,545.0,1074.0,543,542,1085
WEST MORRIS CENTRAL HIGH SCHOOL,27,5660,30,MORRIS,WEST MORRIS REGIONAL,612.0,591.0,1203.0,543,542,1085
WEST MORRIS MENDHAM HIGH SCHOOL,27,5660,50,MORRIS,WEST MORRIS REGIONAL,622.0,622.0,1244.0,543,542,1085
WEST ORANGE HIGH SCHOOL,13,5680,50,ESSEX,WEST ORANGE TOWN,524.0,528.0,1052.0,543,542,1085
WEST SIDE HIGH SCHOOL,13,3570,80,ESSEX,NEWARK CITY,392.0,403.0,795.0,543,542,1085
WEST WINDSOR-PLAINSBORO HIGH SCHOOL NORTH,21,5715,25,MERCER,W WINDSOR-PLAINSBORO REG,690.0,657.0,1347.0,543,542,1085
WEST WINDSOR-PLAINSBORO HIGH SCHOOL SOUTH,21,5715,20,MERCER,W WINDSOR-PLAINSBORO REG,669.0,647.0,1316.0,543,542,1085
WESTFIELD SENIOR HIGH SCHOOL,39,5730,50,UNION,WESTFIELD TOWN,623.0,612.0,1235.0,543,542,1085
WESTWOOD JUNIOR/SENIOR HIGH SCHOOL,3,5755,50,BERGEN,WESTWOOD REGIONAL,560.0,562.0,1122.0,543,542,1085
WHIPPANY PARK HIGH SCHOOL,27,1990,70,MORRIS,HANOVER PARK REGIONAL,570.0,571.0,1141.0,543,542,1085
WILDWOOD HIGH SCHOOL,9,5790,50,CAPE MAY,WILDWOOD CITY,516.0,498.0,1014.0,543,542,1085
WILLIAM L DICKINSON HIGH SCHOOL,17,2390,80,HUDSON,JERSEY CITY,458.0,448.0,906.0,543,542,1085
WILLIAMSTOWN HIGH SCHOOL,15,3280,50,GLOUCESTER,MONROE TWP,525.0,526.0,1051.0,543,542,1085
WILLINGBORO HIGH SCHOOL,5,5805,53,BURLINGTON,WILLINGBORO TWP,440.0,456.0,896.0,543,542,1085
WINSLOW TOWNSHIP HIGH SCHOOL,7,5820,10,CAMDEN,WINSLOW TWP,492.0,504.0,996.0,543,542,1085
WOOD-RIDGE JR/SR HIGH SCHOOL,3,5830,50,BERGEN,WOOD-RIDGE BORO,530.0,530.0,1060.0,543,542,1085
WOODBRIDGE HIGH SCHOOL,23,5850,50,MIDDLESEX,WOODBRIDGE TWP,495.0,500.0,995.0,543,542,1085
WOODBURY JR-SR HIGH SCHOOL,15,5860,50,GLOUCESTER,WOODBURY CITY,508.0,515.0,1023.0,543,542,1085
WOODROW WILSON HIGH SCHOOL,7,680,40,CAMDEN,CAMDEN CITY,375.0,382.0,757.0,543,542,1085
WOODSTOWN HIGH SCHOOL,33,5910,50,SALEM,WOODSTOWN-PILESGROVE REG,542.0,551.0,1093.0,543,542,1085
