"","","","","Workforce","Workforce","Workforce","Workforce","Workforce","Unemployed","Unemployed","Unemployed","Unemployed","Unemployed","% Unemployed","% Unemployed","% Unemployed","% Unemployed","% Unemployed"
"County  ","Municipality  ","LD  ","CD  ","2014  ","2015  ","2016  ","2017  ","2018  ","2014  ","2015  ","2016  ","2017  ","2018  ","2014  ","2015  ","2016  ","2017  ","2018  "
"Warren","Liberty","24","5","1,733","1,725","1,692","1,691","1,648","109","98","73","71","63","6.29","5.68","4.31","4.2","3.82"
"Atlantic","Brigantine","2","2","4,886","4,684","4,495","4,359","4,252","445","400","280","266","194","9.11","8.54","6.23","6.1","4.56"
"Monmouth","Deal","11","6","351","352","351","347","340","20","16","13","9","9","5.7","4.55","3.7","2.59","2.65"
"Monmouth","Manalapan","12","4","20,758","20,996","21,125","21,089","20,609","1,152","924","861","770","683","5.55","4.4","4.08","3.65","3.31"
"Bergen","Norwood","39","5","2,732","2,746","2,738","2,739","2,663","141","111","93","98","81","5.16","4.04","3.4","3.58","3.04"
"Bergen","North Arlington","36","9","8,002","8,064","8,096","8,019","7,841","542","470","442","379","353","6.77","5.83","5.46","4.73","4.5"
"Middlesex","Old Bridge","12","6, 12","36,458","37,102","37,274","37,134","36,457","2,030","1,706","1,572","1,444","1,230","5.57","4.6","4.22","3.89","3.37"
"Morris","Riverdale","40","11","2,638","2,627","2,728","2,715","2,632","136","124","102","95","83","5.16","4.72","3.74","3.5","3.15"
"Bergen","Montvale","39","5","3,796","3,868","3,999","4,017","3,980","180","150","160","148","125","4.74","3.88","4","3.68","3.14"
"Union","Winfield","22","7","837","825","823","815","807","64","45","44","36","37","7.65","5.45","5.35","4.42","4.58"
"Bergen","Mahwah","39","5","14,478","14,635","14,577","14,480","14,134","735","649","592","516","456","5.08","4.43","4.06","3.56","3.23"
"Monmouth","Shrewsbury","11","4","2,049","2,167","2,179","2,178","2,126","93","76","75","65","54","4.54","3.51","3.44","2.98","2.54"
"Bergen","Hillsdale","39","5","5,133","5,186","5,205","5,171","5,033","241","207","206","194","166","4.7","3.99","3.96","3.75","3.3"
"Bergen","Hasbrouck Heights","38","9","6,008","6,093","6,087","6,042","5,893","347","304","281","255","227","5.78","4.99","4.62","4.22","3.85"
"Morris","Jefferson","26","11","11,204","11,168","11,025","10,977","10,632","664","605","528","499","439","5.93","5.42","4.79","4.55","4.13"
"Middlesex","South Plainfield","18","6","13,208","13,406","13,596","13,628","13,422","801","641","582","551","470","6.06","4.78","4.28","4.04","3.5"
"Bergen","Fort Lee","37","9","18,705","19,321","19,014","19,471","18,973","788","680","614","611","490","4.21","3.52","3.23","3.14","2.58"
"Middlesex","South Amboy","19","6","4,962","5,035","5,015","4,982","4,919","349","300","257","224","205","7.03","5.96","5.12","4.5","4.17"
"Bergen","Glen Rock","38","5","6,066","6,133","6,124","6,095","5,963","248","214","176","172","160","4.09","3.49","2.87","2.82","2.68"
"Bergen","Edgewater","32","9","6,799","6,951","6,732","6,757","6,699","258","225","197","214","171","3.79","3.24","2.93","3.17","2.55"
"Bergen","Fair Lawn","38","5","18,099","18,533","18,407","18,265","17,797","903","840","750","678","580","4.99","4.53","4.07","3.71","3.26"
"Monmouth","Asbury Park","11","6","7,573","7,523","7,479","7,478","7,303","730","575","479","474","414","9.64","7.64","6.4","6.34","5.67"
"Monmouth","Allenhurst","11","6","296","297","295","296","289","13","12","6","8","6","4.39","4.04","2.03","2.7","2.08"
"Middlesex","Woodbridge","19","6","52,363","52,978","53,675","53,455","52,576","3,170","2,608","2,380","2,123","1,897","6.05","4.92","4.43","3.97","3.61"
"Middlesex","Spotswood","14","12","4,614","4,707","4,711","4,707","4,639","259","236","199","185","185","5.61","5.01","4.22","3.93","3.99"
"Monmouth","Colts Neck","11","4","4,500","4,548","4,536","4,517","4,412","213","189","166","151","129","4.73","4.16","3.66","3.34","2.92"
"Monmouth","Brielle","30","4","2,301","2,293","2,288","2,278","2,221","155","109","94","89","70","6.74","4.75","4.11","3.91","3.15"
"Monmouth","Belmar","30","4","3,412","3,434","3,430","3,421","3,337","207","175","159","144","124","6.07","5.1","4.64","4.21","3.72"
"Monmouth","Atlantic Highlands","13","6","2,570","2,568","2,557","2,543","2,498","162","120","111","91","84","6.3","4.67","4.34","3.58","3.36"
"Salem","Upper Pittsgrove","3","2","1,735","1,743","1,699","1,660","1,613","112","96","84","76","74","6.46","5.51","4.94","4.58","4.59"
"Salem","Alloway","3","2","1,705","1,720","1,672","1,632","1,588","105","96","85","82","70","6.16","5.58","5.08","5.02","4.41"
"Somerset","Bound Brook","23","12","6,057","6,378","5,959","5,953","5,796","345","299","255","255","235","5.7","4.69","4.28","4.28","4.05"
"Somerset","Far Hills","21","7","475","476","471","474","457","21","19","15","18","13","4.42","3.99","3.18","3.8","2.84"
"Somerset","Green Brook","22","7","3,835","3,817","3,786","3,742","3,641","203","172","156","129","119","5.29","4.51","4.12","3.45","3.27"
"Salem","Penns Grove","3","2","2,129","2,121","2,054","1,992","1,919","240","208","185","165","148","11.27","9.81","9.01","8.28","7.71"
"Salem","Pittsgrove","3","2","5,078","5,048","4,927","4,787","4,643","402","309","284","255","245","7.92","6.12","5.76","5.33","5.28"
"Bergen","Emerson","39","5","3,659","3,702","3,713","3,692","3,610","178","156","142","133","121","4.86","4.21","3.82","3.6","3.35"
"Ocean","Barnegat Twp","9","3","10,156","10,367","10,260","10,390","10,364","814","657","564","548","492","8.01","6.34","5.5","5.27","4.75"
"Bergen","Little Ferry","36","9","6,320","6,345","6,350","6,312","6,142","388","309","281","261","223","6.14","4.87","4.43","4.13","3.63"
"Bergen","River Edge","38","5","5,890","5,929","5,940","5,929","5,771","271","211","199","196","164","4.6","3.56","3.35","3.31","2.84"
"Morris","Wharton","25","7","3,676","3,651","3,632","3,597","3,487","221","184","189","164","145","6.01","5.04","5.2","4.56","4.16"
"Morris","Victory Gardens","25","11","814","814","804","794","771","44","43","37","33","30","5.41","5.28","4.6","4.16","3.89"
"Ocean","Berkeley Twp","9","3","15,887","16,028","15,893","15,923","15,530","1,429","1,223","1,067","998","866","8.99","7.63","6.71","6.27","5.58"
"Somerset","Manville","16","12","5,586","5,515","5,471","5,470","5,312","395","319","288","272","253","7.07","5.78","5.26","4.97","4.76"
"Bergen","Teaneck","37","5, 9","20,083","20,298","20,375","20,327","19,789","1,036","900","860","788","667","5.16","4.43","4.22","3.88","3.37"
"Ocean","Lakewood","30","4","28,809","29,512","30,739","31,335","31,155","1,823","1,491","1,296","1,244","1,067","6.33","5.05","4.22","3.97","3.42"
"Somerset","North Plainfield","22","7","12,790","12,746","12,634","12,612","12,223","752","671","577","556","478","5.88","5.26","4.57","4.41","3.91"
"Somerset","Raritan","23","7","4,120","4,302","4,245","4,222","4,100","216","181","185","162","141","5.24","4.21","4.36","3.84","3.44"
"Ocean","Barnegat Light","9","2","323","338","330","334","324","17","23","15","12","8","5.26","6.8","4.55","3.59","2.47"
"Ocean","Ocean Gate","9","3","1,118","1,131","1,130","1,133","1,103","87","75","76","73","57","7.78","6.63","6.73","6.44","5.17"
"Morris","Washington Twp","25","7","9,754","9,738","9,622","9,608","9,350","452","415","339","331","297","4.63","4.26","3.52","3.45","3.18"
"Ocean","Ship Bottom","9","2","590","594","588","593","577","41","39","35","34","26","6.95","6.57","5.95","5.73","4.51"
"Sussex","Andover","24","5","366","356","350","344","334","22","14","14","13","14","6.01","3.93","4","3.78","4.19"
"Bergen","Wyckoff","40","5","7,962","8,067","8,104","8,078","7,860","339","302","282","255","215","4.26","3.74","3.48","3.16","2.74"
"Monmouth","Eatontown","11","4","7,028","7,108","7,145","7,152","7,037","430","379","359","329","297","6.12","5.33","5.02","4.6","4.22"
"Essex","Nutley","28","11","15,061","15,077","14,899","14,871","14,547","897","774","666","641","559","5.96","5.13","4.47","4.31","3.84"
"Bergen","Park Ridge","39","5","4,322","4,350","4,365","4,346","4,228","213","173","166","155","136","4.93","3.98","3.8","3.57","3.22"
"Bergen","Westwood","39","5","5,936","6,001","6,003","5,987","5,853","297","256","227","215","201","5","4.27","3.78","3.59","3.43"
"Bergen","Ridgefield Park","36","9","6,953","7,013","7,015","6,990","6,788","430","375","346","340","281","6.18","5.35","4.93","4.86","4.14"
"Essex","Newark","28, 29","8, 10","118,917","118,426","117,053","116,799","114,544","12,160","10,387","9,207","8,751","8,014","10.23","8.77","7.87","7.49","7"
"Bergen","Wallington","36","9","6,334","6,359","6,343","6,302","6,137","477","390","348","319","278","7.53","6.13","5.49","5.06","4.53"
"Bergen","Rockleigh","37","5","129","132","129","130","125","6","6","5","5","4","4.65","4.55","3.88","3.85","3.2"
"Monmouth","Farmingdale","30","4","788","781","780","773","761","66","51","43","38","37","8.38","6.53","5.51","4.92","4.86"
"Bergen","Saddle River","39","5","1,451","1,480","1,492","1,476","1,441","43","49","46","38","33","2.96","3.31","3.08","2.57","2.29"
"Monmouth","Englishtown","12","4","1,072","1,086","1,077","1,071","1,046","72","59","49","45","37","6.72","5.43","4.55","4.2","3.54"
"Burlington","Evesham","8","3","25,839","26,006","26,121","26,175","25,468","1,264","1,083","947","858","765","4.89","4.16","3.63","3.28","3"
"Monmouth","Highlands","13","6","2,841","2,845","2,804","2,806","2,722","196","165","142","151","119","6.9","5.8","5.06","5.38","4.37"
"Essex","Livingston","27","11","14,284","14,403","14,193","14,193","13,916","647","552","471","459","382","4.53","3.83","3.32","3.23","2.75"
"Essex","Glen Ridge","28","10","3,756","3,777","3,738","3,722","3,644","142","120","115","99","86","3.78","3.18","3.08","2.66","2.36"
"Monmouth","Freehold Twp","11","4","18,583","18,680","18,719","18,691","17,969","955","820","773","721","626","5.14","4.39","4.13","3.86","3.48"
"Burlington","Delran","7","3","9,208","9,180","9,259","9,265","9,005","500","377","364","335","315","5.43","4.11","3.93","3.62","3.5"
"Burlington","Burlington","7","3","5,238","5,205","5,205","5,261","5,100","454","375","318","293","272","8.67","7.2","6.11","5.57","5.33"
"Monmouth","Interlaken","11","6","427","435","432","428","417","19","20","20","16","13","4.45","4.6","4.63","3.74","3.12"
"Essex","Montclair","34","10, 11","19,766","19,784","19,625","19,884","19,512","1,021","845","782","747","615","5.17","4.27","3.98","3.76","3.15"
"Atlantic","Northfield","2","2","4,237","4,063","3,949","3,851","3,796","363","305","235","227","193","8.57","7.51","5.95","5.89","5.08"
"Burlington","Beverly","7","3","1,306","1,290","1,292","1,275","1,233","127","100","85","78","70","9.72","7.75","6.58","6.12","5.68"
"Monmouth","Holmdel","13","4","7,702","7,804","7,796","7,797","7,630","369","332","297","280","242","4.79","4.25","3.81","3.59","3.17"
"Essex","Maplewood","27","10","12,537","12,586","12,440","12,392","12,131","655","574","487","440","386","5.22","4.56","3.91","3.55","3.18"
"Bergen","Oradell","38","5","4,238","4,278","4,273","4,283","4,186","176","151","131","140","114","4.15","3.53","3.07","3.27","2.72"
"Essex","Caldwell","27","11","4,254","4,275","4,249","4,268","4,172","231","216","191","164","140","5.43","5.05","4.5","3.84","3.36"
"Monmouth","Lake Como","30","4","950","953","967","960","933","61","53","56","48","38","6.42","5.56","5.79","5","4.07"
"Essex","Bloomfield","28","10, 11","26,232","26,213","26,094","26,216","26,683","1,769","1,471","1,338","1,262","1,155","6.74","5.61","5.13","4.81","4.33"
"Monmouth","Keansburg","13","6","5,248","5,195","5,167","5,175","5,033","439","358","306","305","266","8.37","6.89","5.92","5.89","5.29"
"Essex","Fairfield","26","11","3,690","3,720","3,656","3,657","3,583","215","211","157","161","149","5.83","5.67","4.29","4.4","4.16"
"Burlington","Mansfield","8","3","3,861","3,875","3,897","3,933","3,810","229","190","167","156","133","5.93","4.9","4.29","3.97","3.49"
"Burlington","Hainesport","8","3","3,298","3,296","3,285","3,332","3,226","190","155","130","131","114","5.76","4.7","3.96","3.93","3.53"
"Essex","East Orange","34","10","30,454","30,367","29,840","29,688","28,984","3,030","2,599","2,310","2,156","1,918","9.95","8.56","7.74","7.26","6.62"
"Monmouth","Little Silver","13","4","2,971","3,016","3,017","3,017","2,958","132","113","102","92","84","4.44","3.75","3.38","3.05","2.84"
"Sussex","Franklin","24","5","2,572","2,515","2,469","2,445","2,345","211","159","153","143","121","8.2","6.32","6.2","5.85","5.16"
"Sussex","Hampton Twp","24","5","2,845","2,817","2,728","2,710","2,603","171","150","111","112","88","6.01","5.32","4.07","4.13","3.38"
"Sussex","Byram","24","11","4,520","4,451","4,363","4,345","4,198","278","225","197","182","156","6.15","5.06","4.52","4.19","3.72"
"Sussex","Sparta","24","11","9,843","9,759","9,561","9,425","9,108","489","418","365","321","295","4.97","4.28","3.82","3.41","3.24"
"Burlington","Moorestown","7","3","10,293","10,326","10,361","10,459","10,141","474","395","337","327","273","4.61","3.83","3.25","3.13","2.69"
"Sussex","Wantage","24","5","6,132","6,012","5,904","5,852","5,642","410","309","278","253","220","6.69","5.14","4.71","4.32","3.9"
"Burlington","Pemberton Twp","8","3","12,190","12,154","12,138","12,082","11,602","1,072","908","791","698","608","8.79","7.47","6.52","5.78","5.24"
"Bergen","Teterboro","36","9","40","39","38","38","35","4","2","3","3","1","10","5.13","7.89","7.89","2.86"
"Sussex","Hopatcong","24","11","8,329","8,207","7,998","7,944","7,638","551","460","393","387","322","6.62","5.6","4.91","4.87","4.22"
"Burlington","Chesterfield","12","3","2,856","2,845","2,827","2,821","2,775","162","135","129","124","112","5.67","4.75","4.56","4.4","4.04"
"Sussex","Newton","24","5","3,614","3,581","3,553","3,505","3,381","253","233","185","158","142","7","6.51","5.21","4.51","4.2"
"Warren","Phillipsburg","23","7","7,246","7,170","7,090","7,030","6,885","549","445","379","341","325","7.58","6.21","5.35","4.85","4.72"
"Warren","Hardwick","24","5","931","926","920","916","887","57","47","38","37","35","6.12","5.08","4.13","4.04","3.95"
"Ocean","Lakehurst","10","4","1,360","1,370","1,361","1,358","1,322","125","104","94","83","69","9.19","7.59","6.91","6.11","5.22"
"Warren","Harmony","23","7","1,431","1,410","1,401","1,371","1,341","85","69","62","50","47","5.94","4.89","4.43","3.65","3.5"
"Ocean","Lacey","9","3","14,893","15,068","15,237","15,305","15,129","1,047","834","775","684","658","7.03","5.53","5.09","4.47","4.35"
"Warren","Frelinghuysen","24","5","1,147","1,147","1,148","1,150","1,128","53","50","49","44","44","4.62","4.36","4.27","3.83","3.9"
"Union","Clark","22","7","7,995","8,116","8,041","8,195","8,086","438","389","329","312","268","5.48","4.79","4.09","3.81","3.31"
"Ocean","Jackson","12","4","29,158","29,582","29,576","29,795","29,242","1,948","1,616","1,416","1,283","1,101","6.68","5.46","4.79","4.31","3.77"
"Warren","Greenwich","23","7","2,828","2,807","2,799","2,776","2,709","155","125","120","107","92","5.48","4.45","4.29","3.85","3.4"
"Union","Fanwood","22","12","3,904","3,969","3,936","3,967","3,901","167","144","140","136","114","4.28","3.63","3.56","3.43","2.92"
"Ocean","Island Heights","10","3","855","866","852","845","834","59","47","39","37","31","6.9","5.43","4.58","4.38","3.72"
"Warren","Alpha","23","7","1,317","1,323","1,302","1,299","1,268","73","74","56","55","48","5.54","5.59","4.3","4.23","3.79"
"Warren","Blairstown","24","5","3,107","3,085","3,060","3,041","2,972","184","152","129","120","101","5.92","4.93","4.22","3.95","3.4"
"Ocean","Bay Head","10","4","430","440","434","435","423","24","21","24","21","14","5.58","4.77","5.53","4.83","3.31"
"Gloucester","Harrison Twp","5","2","6,552","6,652","6,738","6,767","6,619","367","319","259","218","208","5.6","4.8","3.84","3.22","3.14"
"Mercer","Hopewell Twp","15","12","9,918","10,158","10,345","10,273","9,927","353","296","280","266","227","3.56","2.91","2.71","2.59","2.29"
"Gloucester","Greenwich","3","1","2,402","2,386","2,409","2,416","2,347","186","147","142","126","114","7.74","6.16","5.89","5.22","4.86"
"Ocean","Beach Haven","9","2","526","538","539","535","525","41","40","42","33","30","7.79","7.43","7.79","6.17","5.71"
"Mercer","Hopewell","15","12","1,163","1,186","1,194","1,191","1,176","53","43","35","35","27","4.56","3.63","2.93","2.94","2.3"
"Mercer","Hamilton","14","4","49,595","50,619","50,744","50,231","49,555","2,846","2,368","2,101","1,994","1,776","5.74","4.68","4.14","3.97","3.58"
"Gloucester","Franklin Twp","3","2","8,760","8,760","8,730","8,716","8,410","791","681","587","534","454","9.03","7.77","6.72","6.13","5.4"
"Mercer","East Windsor","14","12","15,617","15,959","16,108","15,933","15,766","698","609","578","520","452","4.47","3.82","3.59","3.26","2.87"
"Gloucester","East Greenwich","3","1, 2","5,166","5,225","5,295","5,354","5,261","282","219","196","192","161","5.46","4.19","3.7","3.59","3.06"
"Ocean","Eagleswood","9","2","843","839","837","837","814","75","57","54","50","39","8.9","6.79","6.45","5.97","4.79"
"Ocean","Harvey Cedars","9","2","139","144","138","139","137","11","14","8","8","8","7.91","9.72","5.8","5.76","5.84"
"Ocean","Beachwood","9","3","6,264","6,389","6,347","6,352","6,242","416","375","309","282","259","6.64","5.87","4.87","4.44","4.15"
"Ocean","Brick","10","3","39,538","39,971","39,516","39,604","38,913","2,719","2,338","2,049","1,856","1,653","6.88","5.85","5.19","4.69","4.25"
"Gloucester","Mantua","5","2","7,963","8,011","7,985","8,065","7,789","520","427","373","348","290","6.53","5.33","4.67","4.31","3.72"
"Essex","Orange","34","10","14,274","14,375","14,025","14,006","13,680","1,295","1,127","1,023","962","876","9.07","7.84","7.29","6.87","6.4"
"Middlesex","Dunellen","22","12","4,501","4,596","4,600","4,595","4,505","264","227","198","193","164","5.87","4.94","4.3","4.2","3.64"
"Middlesex","Cranbury","14","12","1,966","1,995","2,005","2,013","1,977","101","80","66","69","65","5.14","4.01","3.29","3.43","3.29"
"Mercer","West Windsor","15","12","14,425","14,821","14,872","14,749","14,579","523","458","417","402","334","3.63","3.09","2.8","2.73","2.29"
"Gloucester","Deptford","5","1","15,687","15,609","15,656","15,817","15,359","1,227","975","835","813","723","7.82","6.25","5.33","5.14","4.71"
"Essex","West Orange","27","10, 11","23,734","23,771","23,647","23,560","23,443","1,422","1,213","1,050","973","886","5.99","5.1","4.44","4.13","3.78"
"Mercer","Robbinsville","14","4","7,774","7,982","8,052","8,102","8,186","336","292","256","257","218","4.32","3.66","3.18","3.17","2.66"
"Essex","West Caldwell","26","11","5,193","5,239","5,215","5,151","5,033","264","215","211","195","163","5.08","4.1","4.05","3.79","3.24"
"Essex","South Orange","27","10","8,054","8,083","7,991","7,950","8,037","391","348","298","266","238","4.85","4.31","3.73","3.35","2.96"
"Mercer","Pennington","15","12","1,358","1,391","1,406","1,386","1,370","50","46","42","39","35","3.68","3.31","2.99","2.81","2.55"
"Warren","Pohatcong","23","7","1,869","1,854","1,843","1,826","1,782","101","81","76","63","54","5.4","4.37","4.12","3.45","3.03"
"Warren","Washington","23","5","3,419","3,431","3,439","3,436","3,367","219","196","182","179","159","6.41","5.71","5.29","5.21","4.72"
"Warren","White","24","5","2,206","2,200","2,184","2,177","2,122","135","120","112","104","88","6.12","5.45","5.13","4.78","4.15"
"Morris","Chatham","21","11","4,334","4,326","4,258","4,256","4,119","161","144","118","113","104","3.71","3.33","2.77","2.66","2.52"
"Gloucester","Woodbury","5","1","5,070","5,045","5,034","5,049","4,883","414","343","283","275","242","8.17","6.8","5.62","5.45","4.96"
"Morris","Chatham Twp","27","11","4,773","4,744","4,683","4,642","4,497","193","161","144","143","126","4.04","3.39","3.07","3.08","2.8"
"Hudson","West New York","32","8","28,177","28,375","28,501","28,352","27,915","1,880","1,520","1,351","1,208","1,097","6.67","5.36","4.74","4.26","3.93"
"Morris","Chester Twp","25","7","3,555","3,542","3,516","3,499","3,399","156","131","120","113","102","4.39","3.7","3.41","3.23","3"
"Morris","Denville","25","11","8,838","8,775","8,688","8,657","8,502","431","356","330","321","280","4.88","4.06","3.8","3.71","3.29"
"Hunterdon","Milford","23","7","687","688","676","659","641","35","36","32","22","21","5.09","5.23","4.73","3.34","3.28"
"Morris","East Hanover","27","11","5,863","5,813","5,758","5,727","5,563","302","239","231","207","182","5.15","4.11","4.01","3.61","3.27"
"Ocean","Point Pleasant","30","3, 4","2,515","10,302","2,491","10,257","10,069","149","544","104","422","364","5.92","5.28","4.18","4.11","3.62"
"Cumberland","Downe","1","2","663","651","639","635","623","71","53","43","34","35","10.71","8.14","6.73","5.35","5.62"
"Morris","Hanover","27","11","7,488","7,692","7,471","7,630","7,389","350","306","260","263","223","4.67","3.98","3.48","3.45","3.02"
"Ocean","Plumsted","12","4","4,266","4,306","4,270","4,303","4,188","328","256","224","221","177","7.69","5.95","5.25","5.14","4.23"
"Essex","Essex Fells","27","11","1,007","994","1,007","997","971","44","38","29","31","25","4.37","3.82","2.88","3.11","2.57"
"Morris","Harding","27","11","1,611","1,595","1,594","1,577","1,533","79","59","52","47","41","4.9","3.7","3.26","2.98","2.67"
"Gloucester","Elk","3","2","2,134","2,131","2,069","2,081","2,046","167","140","95","98","89","7.83","6.57","4.59","4.71","4.35"
"Ocean","Point Pleasant Beach","10","4","10,120","2,531","10,211","2,500","2,439","637","117","455","101","86","6.29","4.62","4.46","4.04","3.53"
"Gloucester","Pitman","4","2","4,764","4,776","4,780","4,807","4,658","294","258","216","205","179","6.17","5.4","4.52","4.26","3.84"
"Camden","Audubon Park","5","1","500","497","501","501","489","54","48","46","42","41","10.8","9.66","9.18","8.38","8.38"
"Camden","Lawnside","5","1","1,214","1,213","1,199","1,214","1,176","134","123","95","99","88","11.04","10.14","7.92","8.15","7.48"
"Cape May","Cape May","1","2","1,080","1,088","1,047","1,041","1,016","139","136","117","107","98","12.87","12.5","11.17","10.28","9.65"
"Hudson","Weehawken","33","8","8,232","8,551","8,595","9,230","9,058","404","324","297","280","243","4.91","3.79","3.46","3.03","2.68"
"Middlesex","Jamesburg","14","12","2,904","2,927","2,942","2,959","2,898","206","159","155","145","123","7.09","5.43","5.27","4.9","4.24"
"Hudson","Union City","33","8","35,043","35,075","34,904","34,817","34,144","2,796","2,241","1,955","1,794","1,544","7.98","6.39","5.6","5.15","4.52"
"Middlesex","Helmetta","18","12","1,276","1,309","1,310","1,314","1,283","70","71","58","62","49","5.49","5.42","4.43","4.72","3.82"
"Ocean","Lavallette","10","3","751","752","744","757","747","41","40","36","35","32","5.46","5.32","4.84","4.62","4.28"
"Hunterdon","Bloomsbury","23","7","464","455","448","441","427","30","21","21","14","12","6.47","4.62","4.69","3.17","2.81"
"Ocean","Little Egg Harbor","9","2","9,171","9,307","9,334","9,460","9,378","793","731","594","581","516","8.65","7.85","6.36","6.14","5.5"
"Middlesex","Milltown","17","12","4,283","4,356","4,358","4,430","4,358","224","189","158","147","135","5.23","4.34","3.63","3.32","3.1"
"Hunterdon","Alexandria","23","7","2,597","2,591","2,537","2,512","2,440","117","107","90","96","77","4.51","4.13","3.55","3.82","3.16"
"Ocean","Long Beach","9","2","1,245","1,261","1,251","1,266","1,233","91","83","78","75","59","7.31","6.58","6.24","5.92","4.79"
"Middlesex","Metuchen","18","6","7,444","7,600","7,641","7,690","7,764","313","279","247","246","205","4.2","3.67","3.23","3.2","2.64"
"Ocean","Manchester","10","4","14,233","14,377","14,339","14,381","13,959","1,293","1,101","966","916","794","9.08","7.66","6.74","6.37","5.69"
"Ocean","Mantoloking","10","3","85","86","84","83","84","4","4","3","2","3","4.71","4.65","3.57","2.41","3.57"
"Middlesex","Edison","18","6","54,139","55,074","55,420","55,371","54,341","2,731","2,298","1,969","1,873","1,587","5.04","4.17","3.55","3.38","2.92"
"Ocean","Ocean Twp","9","3","3,995","4,011","4,095","4,165","4,093","334","271","242","215","201","8.36","6.76","5.91","5.16","4.91"
"Ocean","Pine Beach","9","3","1,224","1,223","1,225","1,229","1,208","83","54","56","51","44","6.78","4.42","4.57","4.15","3.64"
"Middlesex","Sayreville","19","6","23,597","24,293","24,140","24,238","23,871","1,438","1,226","1,120","1,047","890","6.09","5.05","4.64","4.32","3.73"
"Hudson","East Newark","32","8","1,400","1,502","1,391","1,432","1,372","103","93","71","67","56","7.36","6.19","5.1","4.68","4.08"
"Gloucester","Woolwich","3","2","5,692","5,991","6,293","6,375","6,261","271","225","217","198","177","4.76","3.76","3.45","3.11","2.83"
"Hudson","Hoboken","33","8","35,786","36,515","36,488","36,954","36,348","1,176","999","885","849","773","3.29","2.74","2.43","2.3","2.13"
"Middlesex","North Brunswick","17","12","23,657","24,059","24,215","24,190","23,750","1,322","1,113","1,012","960","839","5.59","4.63","4.18","3.97","3.53"
"Hudson","Guttenberg","32","8","6,323","6,381","6,405","6,377","6,200","349","308","257","253","207","5.52","4.83","4.01","3.97","3.34"
"Middlesex","Monroe","14","12","16,448","17,047","17,565","17,850","17,729","1,069","905","829","807","724","6.5","5.31","4.72","4.52","4.08"
"Middlesex","Piscataway","17","6","30,218","30,797","30,320","30,214","29,638","1,902","1,590","1,405","1,308","1,120","6.29","5.16","4.63","4.33","3.78"
"Hudson","North Bergen","32","8","32,772","32,751","32,587","32,347","31,607","2,389","1,875","1,630","1,436","1,196","7.29","5.73","5","4.44","3.78"
"Middlesex","Perth Amboy","19","6","24,981","25,304","25,198","25,141","24,634","2,657","2,350","1,960","1,804","1,582","10.64","9.29","7.78","7.18","6.42"
"Hudson","Kearny","32","8, 9","20,863","20,960","20,814","20,663","20,322","1,566","1,350","1,135","985","950","7.51","6.44","5.45","4.77","4.67"
"Morris","Mendham Twp","25","11","2,703","2,688","2,663","2,662","2,574","107","89","85","83","69","3.96","3.31","3.19","3.12","2.68"
"Morris","Morris Plains","26","11","2,900","2,894","2,817","2,804","2,709","135","121","113","111","90","4.66","4.18","4.01","3.96","3.32"
"Morris","Florham Park","27","11","6,150","6,129","6,072","6,037","5,860","288","244","224","209","182","4.68","3.98","3.69","3.46","3.11"
"Morris","Long Hill","21","7","4,676","4,659","4,605","4,596","4,442","207","182","165","164","139","4.43","3.91","3.58","3.57","3.13"
"Morris","Chester","25","7","807","809","800","800","770","31","30","26","27","18","3.84","3.71","3.25","3.38","2.34"
"Morris","Dover","25","7","10,717","10,680","10,572","10,511","10,214","507","459","402","370","343","4.73","4.3","3.8","3.52","3.36"
"Morris","Boonton","25","11","4,843","4,836","4,785","4,755","4,596","254","239","202","193","167","5.24","4.94","4.22","4.06","3.63"
"Morris","Butler","26","11","4,588","4,594","4,559","4,589","4,457","262","209","198","173","157","5.71","4.55","4.34","3.77","3.52"
"Morris","Mount Arlington","25","7","2,946","2,964","2,974","3,044","3,190","167","148","129","109","114","5.67","4.99","4.34","3.58","3.57"
"Morris","Mountain Lakes","25","11","1,880","1,867","1,858","1,881","1,829","81","63","56","56","46","4.31","3.37","3.01","2.98","2.52"
"Atlantic","Estell Manor","1","2","845","807","796","784","774","85","69","61","63","52","10.06","8.55","7.66","8.04","6.72"
"Atlantic","Galloway","9","2","18,811","18,069","17,517","17,018","16,714","1,782","1,544","1,153","1,075","852","9.47","8.55","6.58","6.32","5.1"
"Hunterdon","Flemington","16","7","2,391","2,461","2,416","2,411","2,337","113","101","93","94","81","4.73","4.1","3.85","3.9","3.47"
"Atlantic","Egg Harbor Twp","2","2","22,138","21,272","20,796","20,318","19,993","2,144","1,846","1,394","1,305","1,068","9.68","8.68","6.7","6.42","5.34"
"Hunterdon","Clinton Twp","23","7","6,173","6,094","5,976","5,895","5,751","301","261","243","226","209","4.88","4.28","4.07","3.83","3.63"
"Hunterdon","East Amwell","15","7","2,247","2,236","2,188","2,179","2,129","103","88","72","68","66","4.58","3.94","3.29","3.12","3.1"
"Hunterdon","Califon","23","7","577","589","579","565","554","28","24","22","16","16","4.85","4.07","3.8","2.83","2.89"
"Atlantic","Margate","2","2","2,902","2,804","2,720","2,633","2,600","201","182","143","124","115","6.93","6.49","5.26","4.71","4.42"
"Atlantic","Hammonton","8","2","7,370","7,137","6,961","6,763","6,688","609","580","482","442","392","8.26","8.13","6.92","6.54","5.86"
"Atlantic","Linwood","2","2","3,452","3,319","3,247","3,150","3,112","228","194","163","137","114","6.6","5.85","5.02","4.35","3.66"
"Union","Scotch Plains","22","7, 12","12,893","12,915","12,792","12,803","12,670","617","530","459","416","374","4.79","4.1","3.59","3.25","2.95"
"Union","Summit","21","7","10,099","10,100","10,001","9,975","9,811","450","374","340","311","260","4.46","3.7","3.4","3.12","2.65"
"Warren","Belvidere","24","5","1,488","1,483","1,473","1,460","1,422","89","79","72","60","49","5.98","5.33","4.89","4.11","3.45"
"Union","Kenilworth","21","7","4,315","4,304","4,278","4,258","4,179","302","243","214","193","159","7","5.65","5","4.53","3.8"
"Warren","Franklin Twp","23","7","1,615","1,592","1,583","1,575","1,537","109","81","77","71","62","6.75","5.09","4.86","4.51","4.03"
"Morris","Roxbury","25","7","12,660","12,579","12,443","12,365","11,985","682","582","532","497","437","5.39","4.63","4.28","4.02","3.65"
"Union","New Providence","21","7","5,985","6,027","5,988","6,124","6,201","250","226","205","191","167","4.18","3.75","3.42","3.12","2.69"
"Union","Hillside","20","10","9,737","9,692","9,572","9,526","9,379","889","754","669","611","561","9.13","7.78","6.99","6.41","5.98"
"Union","Linden","22","10","21,824","21,921","21,784","21,928","21,595","1,592","1,433","1,255","1,127","1,032","7.29","6.54","5.76","5.14","4.78"
"Union","Roselle","20","10","10,554","10,563","10,432","10,382","10,247","858","782","664","606","563","8.13","7.4","6.37","5.84","5.49"
"Union","Mountainside","21","7","3,282","3,276","3,274","3,280","3,225","149","116","114","112","92","4.54","3.54","3.48","3.41","2.85"
"Union","Rahway","22","10","14,612","14,595","14,827","14,796","14,635","1,103","966","826","781","658","7.55","6.62","5.57","5.28","4.5"
"Union","Plainfield","22","12","27,441","27,400","27,155","26,801","26,354","2,346","2,018","1,816","1,679","1,530","8.55","7.36","6.69","6.26","5.81"
"Union","Springfield","21","7","9,540","9,716","9,778","9,772","9,653","433","371","330","326","298","4.54","3.82","3.37","3.34","3.09"
"Union","Roselle Park","21","10","6,934","6,926","6,864","6,841","6,716","471","402","349","323","276","6.79","5.8","5.08","4.72","4.11"
"Union","Westfield","21","7","14,573","14,554","14,244","14,106","13,814","609","514","454","432","384","4.18","3.53","3.19","3.06","2.78"
"Union","Union Twp","20","7, 10","29,442","29,434","29,182","29,319","28,893","1,896","1,635","1,431","1,304","1,204","6.44","5.55","4.9","4.45","4.17"
"Warren","Hackettstown","23","5","5,250","5,213","5,224","5,183","5,061","346","289","277","247","220","6.59","5.54","5.3","4.77","4.35"
"Warren","Allamuchy","24","5","2,518","2,546","2,553","2,568","2,536","130","99","103","98","85","5.16","3.89","4.03","3.82","3.35"
"Atlantic","Weymouth","1","2","1,274","1,232","1,230","1,222","1,232","116","108","86","82","78","9.11","8.77","6.99","6.71","6.33"
"Bergen","Alpine","37","5","870","880","881","858","842","29","29","23","21","20","3.33","3.3","2.61","2.45","2.38"
"Bergen","Bergenfield","38","5","14,688","14,868","14,877","14,866","14,503","726","628","574","545","449","4.94","4.22","3.86","3.67","3.1"
"Bergen","Carlstadt","36","9","3,434","3,456","3,441","3,426","3,344","228","193","173","173","151","6.64","5.58","5.03","5.05","4.52"
"Atlantic","Mullica","2","2","2,584","2,514","2,419","2,356","2,319","292","294","223","206","176","11.3","11.69","9.22","8.74","7.59"
"Atlantic","Pleasantville","2","2","9,519","9,062","8,905","8,717","8,653","1,258","1,053","799","806","648","13.22","11.62","8.97","9.25","7.49"
"Atlantic","Port Republic","9","2","591","572","557","541","530","49","46","42","38","30","8.29","8.04","7.54","7.02","5.66"
"Atlantic","Ventnor","2","2","5,079","4,826","4,703","4,562","4,431","520","409","341","319","219","10.24","8.47","7.25","6.99","4.94"
"Morris","Pequannock","40","11","8,043","7,989","7,867","7,842","7,584","409","361","320","316","259","5.09","4.52","4.07","4.03","3.42"
"Bergen","Closter","39","5","3,927","3,963","3,960","3,973","3,882","178","147","127","120","112","4.53","3.71","3.21","3.02","2.89"
"Bergen","Cresskill","37","9","3,971","4,008","4,000","3,984","3,920","179","147","131","129","108","4.51","3.67","3.28","3.24","2.76"
"Warren","Mansfield","23","5","4,249","4,241","4,197","4,160","4,063","228","205","172","147","134","5.37","4.83","4.1","3.53","3.3"
"Warren","Oxford","24","5","1,336","1,335","1,316","1,310","1,281","90","82","66","60","56","6.74","6.14","5.02","4.58","4.37"
"Warren","Knowlton","24","5","1,484","1,483","1,465","1,449","1,417","97","91","78","68","61","6.54","6.14","5.32","4.69","4.3"
"Warren","Lopatcong","23","7","4,298","4,310","4,370","4,364","4,318","245","202","168","145","144","5.7","4.69","3.84","3.32","3.33"
"Atlantic","Buena","2","2","2,151","2,096","1,994","1,944","1,901","206","213","145","148","115","9.58","10.16","7.27","7.61","6.05"
"Atlantic","Buena Vista","2","2","3,531","3,411","3,327","3,228","3,199","376","347","301","255","241","10.65","10.17","9.05","7.9","7.53"
"Atlantic","Absecon","2","2","4,429","4,261","4,112","4,060","3,993","425","380","266","269","207","9.6","8.92","6.47","6.63","5.18"
"Atlantic","Atlantic City","2","2","16,745","15,913","15,283","14,903","14,406","2,479","2,094","1,545","1,505","1,111","14.8","13.16","10.11","10.1","7.71"
"Bergen","Dumont","39","5","9,884","9,989","9,993","9,888","9,600","513","450","413","374","291","5.19","4.5","4.13","3.78","3.03"
"Bergen","Englewood","37","9","14,679","14,808","15,136","15,056","14,876","854","748","684","642","549","5.82","5.05","4.52","4.26","3.69"
"Bergen","Englewood Cliffs","37","9","2,036","2,049","2,055","2,046","1,993","90","69","74","64","51","4.42","3.37","3.6","3.13","2.56"
"Bergen","East Rutherford","36","9","5,857","5,906","5,478","5,854","5,722","343","289","243","222","210","5.86","4.89","4.44","3.79","3.67"
"Bergen","Elmwood Park","35","9","10,611","10,759","10,621","10,585","10,294","755","645","589","543","473","7.12","5.99","5.55","5.13","4.59"
"Bergen","Garfield","35","9","16,017","16,084","16,068","16,008","15,704","1,439","1,195","1,082","982","869","8.98","7.43","6.73","6.13","5.53"
"Bergen","Hackensack","37","5","24,177","24,451","24,400","24,305","23,756","1,551","1,343","1,209","1,147","1,010","6.42","5.49","4.95","4.72","4.25"
"Monmouth","Roosevelt","12","4","421","428","431","420","407","23","23","24","18","13","5.46","5.37","5.57","4.29","3.19"
"Bergen","Fairview","32","8","7,925","8,004","7,994","7,971","7,734","430","377","323","313","234","5.43","4.71","4.04","3.93","3.03"
"Monmouth","Sea Bright","13","6","850","854","852","882","864","44","38","35","33","29","5.18","4.45","4.11","3.74","3.36"
"Bergen","Franklin Lakes","40","5","5,039","5,126","5,102","5,085","5,109","207","201","166","169","155","4.11","3.92","3.25","3.32","3.03"
"Monmouth","Ocean Twp","11","4","14,864","15,015","14,948","14,784","14,574","832","727","639","582","510","5.6","4.84","4.27","3.94","3.5"
"Monmouth","Red Bank","11","4","6,839","7,085","6,915","6,923","6,783","317","303","233","221","215","4.64","4.28","3.37","3.19","3.17"
"Bergen","Harrington Park","39","5","2,264","2,280","2,285","2,272","2,220","108","84","77","72","64","4.77","3.68","3.37","3.17","2.88"
"Monmouth","Monmouth Beach","13","6","1,782","1,773","1,768","1,764","1,732","97","71","67","60","54","5.44","4","3.79","3.4","3.12"
"Monmouth","Neptune City","11","4","2,758","2,781","2,755","2,754","2,644","204","181","156","173","128","7.4","6.51","5.66","6.28","4.84"
"Warren","Independence","24","5","3,168","3,146","3,110","3,087","3,018","194","159","125","111","96","6.12","5.05","4.02","3.6","3.18"
"Monmouth","Marlboro","13","6","19,905","20,454","20,358","20,243","19,755","967","808","774","696","596","4.86","3.95","3.8","3.44","3.02"
"Warren","Hope","24","5","1,033","1,027","1,015","1,002","974","66","57","45","42","32","6.39","5.55","4.43","4.19","3.29"
"Monmouth","Middletown","13","4, 6","34,246","34,462","34,469","34,292","33,540","1,944","1,640","1,481","1,362","1,184","5.68","4.76","4.3","3.97","3.53"
"Monmouth","Long Branch","11","6","16,000","16,214","16,369","16,315","15,936","1,082","927","794","730","651","6.76","5.72","4.85","4.47","4.09"
"Monmouth","Manasquan","30","4","3,013","3,063","3,079","3,102","3,062","154","142","117","120","94","5.11","4.64","3.8","3.87","3.07"
"Atlantic","Hamilton","2","2","13,593","13,017","12,801","12,489","12,318","1,307","1,121","866","819","686","9.62","8.61","6.77","6.56","5.57"
"Atlantic","Longport","2","2","369","354","356","343","343","23","18","18","14","13","6.23","5.08","5.06","4.08","3.79"
"Atlantic","Somers Point","2","2","5,448","5,187","5,063","4,924","4,821","581","469","384","361","285","10.66","9.04","7.58","7.33","5.91"
"Monmouth","Sea Girt","30","4","815","827","827","819","796","33","28","25","24","21","4.05","3.39","3.02","2.93","2.64"
"Bergen","Allendale","40","5","2,886","2,936","2,929","2,929","2,854","145","127","115","102","86","5.02","4.33","3.93","3.48","3.01"
"Bergen","Bogota","37","5","4,462","4,501","4,510","4,536","4,450","259","223","211","181","190","5.8","4.95","4.68","3.99","4.27"
"Bergen","Cliffside Park","36","9","12,981","13,147","12,770","12,725","12,456","657","531","516","467","410","5.06","4.04","4.04","3.67","3.29"
"Bergen","Demarest","39","5","2,283","2,305","2,321","2,292","2,235","94","78","67","60","52","4.12","3.38","2.89","2.62","2.33"
"Bergen","Ho-Ho-Kus","40","5","2,101","2,146","2,117","2,112","2,059","78","75","57","62","48","3.71","3.49","2.69","2.94","2.33"
"Bergen","Haworth","39","5","1,639","1,656","1,657","1,649","1,611","65","55","52","45","38","3.97","3.32","3.14","2.73","2.36"
"Bergen","Leonia","37","9","4,529","4,577","4,579","4,559","4,454","205","170","149","140","129","4.53","3.71","3.25","3.07","2.9"
"Bergen","Lodi","38","5","12,782","12,827","12,831","12,711","12,381","994","834","791","695","620","7.78","6.5","6.16","5.47","5.01"
"Bergen","Lyndhurst","36","9","10,892","11,268","11,249","11,189","10,919","762","653","572","532","478","7","5.8","5.08","4.75","4.38"
"Bergen","Maywood","38","5","5,318","5,366","5,352","5,322","5,187","290","246","219","198","170","5.45","4.58","4.09","3.72","3.28"
"Bergen","Midland Park","40","5","3,866","3,917","3,889","3,884","3,783","190","181","153","152","125","4.91","4.62","3.93","3.91","3.3"
"Bergen","Moonachie","36","9","1,473","1,489","1,477","1,469","1,422","116","102","93","83","71","7.88","6.85","6.3","5.65","4.99"
"Bergen","New Milford","38","5","8,878","8,974","8,994","8,924","8,703","450","391","377","327","296","5.07","4.36","4.19","3.66","3.4"
"Bergen","Northvale","37","5","2,451","2,490","2,512","2,540","2,483","106","104","91","81","69","4.32","4.18","3.62","3.19","2.78"
"Monmouth","West Long Branch","11","6","4,387","4,323","4,136","4,125","4,036","293","223","192","171","154","6.68","5.16","4.64","4.15","3.82"
"Morris","Boonton Twp","25","11","1,945","1,935","1,921","1,919","1,857","104","88","82","76","66","5.35","4.55","4.27","3.96","3.55"
"Mercer","Princeton (as of 1/1/2013)","16","12","14,987","15,915","15,740","16,572","16,513","556","493","436","437","362","3.71","3.1","2.77","2.64","2.19"
"Monmouth","Shrewsbury Twp","11","4","640","641","643","582","569","42","34","31","28","25","6.56","5.3","4.82","4.81","4.39"
"Atlantic","Corbin City","1","2","259","253","252","253","250","19","19","19","20","16","7.34","7.51","7.54","7.91","6.4"
"Monmouth","Spring Lake Heights","30","4","2,490","2,515","2,498","2,503","2,441","133","123","97","111","91","5.34","4.89","3.88","4.43","3.73"
"Monmouth","Union Beach","13","6","3,158","3,117","3,048","3,047","2,963","242","196","166","153","136","7.66","6.29","5.45","5.02","4.59"
"Atlantic","Folsom","2","2","880","839","828","793","786","90","72","71","55","51","10.23","8.58","8.57","6.94","6.49"
"Monmouth","Upper Freehold","12","4","3,295","3,321","3,309","3,306","3,277","186","159","132","111","101","5.64","4.79","3.99","3.36","3.08"
"Atlantic","Egg Harbor","2","2","2,035","1,971","1,940","1,888","1,859","216","195","178","165","144","10.61","9.89","9.18","8.74","7.75"
"Passaic","Pompton Lakes","40","11","6,687","6,712","6,672","6,632","6,461","388","324","288","284","249","5.8","4.83","4.32","4.28","3.85"
"Passaic","North Haledon","35","11","4,554","4,571","4,557","4,530","4,413","258","208","192","190","156","5.67","4.55","4.21","4.19","3.54"
"Passaic","Wayne","40","11","28,978","29,117","28,895","28,602","27,853","1,528","1,324","1,124","1,067","907","5.27","4.55","3.89","3.73","3.26"
"Passaic","Ringwood","39","5","6,607","6,624","6,628","6,586","6,395","393","311","303","280","239","5.95","4.7","4.57","4.25","3.74"
"Ocean","Surf City","9","2","496","503","500","490","481","35","30","29","26","22","7.06","5.96","5.8","5.31","4.57"
"Ocean","Seaside Heights","10","3","1,158","1,165","1,164","1,176","1,140","109","91","91","94","75","9.41","7.81","7.82","7.99","6.58"
"Passaic","Haledon","35","9","4,513","4,522","4,489","4,439","4,318","384","299","292","265","229","8.51","6.61","6.5","5.97","5.3"
"Passaic","Bloomingdale","39","11","3,954","4,168","4,153","4,114","4,013","271","229","211","188","167","6.85","5.49","5.08","4.57","4.16"
"Salem","Elmer","3","2","719","717","697","678","659","51","43","36","32","32","7.09","6","5.16","4.72","4.86"
"Salem","Mannington","3","2","761","769","737","733","698","59","57","42","45","32","7.75","7.41","5.7","6.14","4.58"
"Hunterdon","Lebanon Twp","23","7","3,514","3,484","3,419","3,249","3,171","167","152","141","120","120","4.75","4.36","4.12","3.69","3.78"
"Hunterdon","Raritan Twp","16","7","11,770","11,711","11,585","11,543","11,254","550","459","422","401","335","4.67","3.92","3.64","3.47","2.98"
"Hunterdon","Kingwood","23","7","1,940","1,930","1,890","1,876","1,820","95","90","74","74","63","4.9","4.66","3.92","3.94","3.46"
"Hunterdon","Lebanon","23","7","769","797","944","938","918","41","37","36","33","34","5.33","4.64","3.81","3.52","3.7"
"Hunterdon","West Amwell","15","7","1,427","1,414","1,391","1,382","1,343","71","55","51","47","43","4.98","3.89","3.67","3.4","3.2"
"Hunterdon","Readington","16","7","8,675","8,613","8,475","8,462","8,244","407","335","311","312","265","4.69","3.89","3.67","3.69","3.21"
"Hunterdon","Tewksbury","23","7","2,843","2,835","2,780","2,755","2,678","128","117","99","93","82","4.5","4.13","3.56","3.38","3.06"
"Hunterdon","Hampton Boro","23","7","743","727","719","699","678","55","40","43","37","34","7.4","5.5","5.98","5.29","5.01"
"Hunterdon","High Bridge","23","7","1,882","1,879","1,836","1,824","1,767","104","101","86","78","67","5.53","5.38","4.68","4.28","3.79"
"Hunterdon","Frenchtown","23","7","769","779","768","772","737","40","26","24","22","22","5.2","3.34","3.13","2.85","2.99"
"Camden","Tavistock","6","1","4","4","4","4","4","0","0","0","0","0","0","0","0","0","0"
"Camden","Winslow","4","1","19,841","19,790","19,839","20,079","19,391","1,608","1,385","1,207","1,123","1,017","8.1","7","6.08","5.59","5.24"
"Camden","Pine Hill","8","1","5,389","5,315","5,270","5,342","5,160","575","436","325","343","274","10.67","8.2","6.17","6.42","5.31"
"Camden","Somerdale","6","1","2,744","2,790","2,859","2,889","2,807","208","174","159","141","123","7.58","6.24","5.56","4.88","4.38"
"Cape May","Stone Harbor","1","2","380","380","363","362","349","39","34","25","23","18","10.26","8.95","6.89","6.35","5.16"
"Cape May","Lower Township","1","2","12,011","11,915","11,514","11,499","11,148","1,518","1,323","1,162","1,122","991","12.64","11.1","10.09","9.76","8.89"
"Cape May","Ocean City","1","2","5,686","5,652","5,525","5,501","5,325","491","399","367","310","249","8.64","7.06","6.64","5.64","4.68"
"Cumberland","Hopewell","1","2","2,245","2,263","2,263","2,239","2,178","152","142","123","97","90","6.77","6.27","5.44","4.33","4.13"
"Cumberland","Commercial","1","2","2,018","2,010","1,992","1,961","1,903","270","238","212","184","174","13.38","11.84","10.64","9.38","9.14"
"Cape May","Wildwood Crest","1","2","1,795","1,779","1,717","1,701","1,658","294","264","234","214","200","16.38","14.84","13.63","12.58","12.06"
"Cape May","West Cape May","1","2","518","523","510","507","498","54","52","47","40","36","10.42","9.94","9.22","7.89","7.23"
"Burlington","Springfield","8","3","1,836","1,834","1,812","1,803","1,756","110","93","68","62","68","5.99","5.07","3.75","3.44","3.87"
"Burlington","Westampton","8","3","4,941","4,922","4,961","5,026","4,861","280","212","208","192","159","5.67","4.31","4.19","3.82","3.27"
"Burlington","Woodland","8","3","998","1,001","1,003","995","965","68","59","52","42","37","6.81","5.89","5.18","4.22","3.83"
"Camden","Berlin","8","1","4,071","4,034","4,084","4,114","4,005","284","211","205","196","173","6.98","5.23","5.02","4.76","4.32"
"Camden","Brooklawn","5","1","1,072","1,057","1,063","1,067","1,043","104","81","76","71","70","9.7","7.66","7.15","6.65","6.71"
"Camden","Chesilhurst","4","1","746","735","739","742","720","78","61","55","50","44","10.46","8.3","7.44","6.74","6.11"
"Camden","Gibbsboro","6","1","1,209","1,197","1,193","1,207","1,164","90","69","53","54","38","7.44","5.76","4.44","4.47","3.26"
"Camden","Gloucester Twp","4","1","35,329","35,233","35,251","35,427","34,588","2,497","2,001","1,763","1,623","1,469","7.07","5.68","5","4.58","4.25"
"Camden","Haddonfield","6","1","5,648","5,677","5,685","5,736","5,598","214","200","157","151","140","3.79","3.52","2.76","2.63","2.5"
"Camden","Oaklyn","6","1","2,309","2,315","2,324","2,330","2,274","142","128","113","98","93","6.15","5.53","4.86","4.21","4.09"
"Camden","Magnolia","5","1","2,439","2,433","2,429","2,449","2,367","185","160","129","127","98","7.59","6.58","5.31","5.19","4.14"
"Burlington","Riverton","7","3","1,466","1,480","1,471","1,467","1,423","70","70","51","50","45","4.77","4.73","3.47","3.41","3.16"
"Burlington","Pemberton","8","3","776","780","770","758","726","61","57","40","32","30","7.86","7.31","5.19","4.22","4.13"
"Burlington","Riverside","7","3","4,570","4,533","4,521","4,506","4,375","331","249","202","182","171","7.24","5.49","4.47","4.04","3.91"
"Burlington","North Hanover","12","3","3,066","3,074","3,064","3,070","2,958","219","192","165","151","127","7.14","6.25","5.39","4.92","4.29"
"Burlington","Palmyra","7","1","4,016","4,005","4,013","4,006","3,881","255","202","179","170","150","6.35","5.04","4.46","4.24","3.86"
"Burlington","Mount Laurel","7","3","22,460","22,585","22,736","22,879","22,195","1,177","983","847","812","716","5.24","4.35","3.73","3.55","3.23"
"Burlington","New Hanover","12","3","1,230","1,134","1,253","1,260","1,126","120","105","95","82","68","9.76","9.26","7.58","6.51","6.04"
"Burlington","Medford","8","3","12,121","12,199","12,288","12,403","12,080","621","490","423","399","346","5.12","4.02","3.44","3.22","2.86"
"Burlington","Mount Holly","8","3","4,597","4,660","4,657","4,714","4,640","392","327","275","270","253","8.53","7.02","5.91","5.73","5.45"
"Burlington","Southampton","8","3","4,609","4,598","4,585","4,578","4,433","353","290","241","230","206","7.66","6.31","5.26","5.02","4.65"
"Burlington","Shamong","8","3","3,395","3,417","3,423","3,461","3,346","188","168","146","131","109","5.54","4.92","4.27","3.79","3.26"
"Burlington","Medford Lakes","8","3","2,151","2,150","2,145","2,144","2,063","111","92","77","71","61","5.16","4.28","3.59","3.31","2.96"
"Hunterdon","Union Twp","23","7","2,616","2,598","2,526","2,479","2,395","117","116","97","92","84","4.47","4.46","3.84","3.71","3.51"
"Hunterdon","Stockton","16","7","277","278","271","270","261","9","10","8","8","6","3.25","3.6","2.95","2.96","2.3"
"Hunterdon","Lambertville","15","7","2,319","2,306","2,272","2,263","2,201","89","71","65","65","54","3.84","3.08","2.86","2.87","2.45"
"Mercer","Lawrence","15","12","18,609","18,972","19,176","18,895","18,651","825","682","653","587","511","4.43","3.59","3.41","3.11","2.74"
"Mercer","Trenton","15","12","38,548","39,087","39,178","38,921","38,413","3,509","3,145","2,818","2,680","2,405","9.1","8.05","7.19","6.89","6.26"
"Mercer","Ewing","15","12","19,007","19,369","19,413","19,056","18,936","1,171","1,006","908","830","738","6.16","5.19","4.68","4.36","3.9"
"Mercer","Hightstown","14","12","3,496","3,567","3,549","3,530","3,383","163","135","116","110","94","4.66","3.78","3.27","3.12","2.78"
"Middlesex","Highland Park","18","6","7,924","8,063","8,032","7,989","7,803","352","289","262","242","214","4.44","3.58","3.26","3.03","2.74"
"Middlesex","Middlesex Borough","22","12","7,546","7,645","7,693","7,644","7,510","468","376","358","317","288","6.2","4.92","4.65","4.15","3.83"
"Middlesex","Carteret","19","6","11,676","11,881","11,843","11,827","11,585","851","769","643","623","544","7.29","6.47","5.43","5.27","4.7"
"Middlesex","East Brunswick","18","12","25,726","26,214","26,513","26,466","25,999","1,289","1,091","988","924","816","5.01","4.16","3.73","3.49","3.14"
"Hudson","Bayonne","31","8, 10","33,161","33,537","33,386","33,243","32,544","2,430","1,985","1,788","1,672","1,421","7.33","5.92","5.36","5.03","4.37"
"Gloucester","Woodbury Heights","3","1","1,657","1,657","1,672","1,676","1,626","106","87","85","73","68","6.4","5.25","5.08","4.36","4.18"
"Hudson","Jersey City","31, 33","8, 10","138,335","140,658","140,479","140,306","138,953","9,140","7,474","6,687","6,554","5,713","6.61","5.31","4.76","4.67","4.11"
"Hudson","Harrison","32","8","8,050","8,147","8,124","8,480","8,874","503","434","390","366","302","6.25","5.33","4.8","4.32","3.4"
"Hudson","Secaucus","32","9","9,720","9,814","10,111","10,443","10,301","522","453","434","401","348","5.37","4.62","4.29","3.84","3.38"
"Hunterdon","Bethlehem","23","7","2,162","2,146","2,118","2,106","2,065","100","83","82","70","79","4.63","3.87","3.87","3.32","3.83"
"Hunterdon","Clinton","23","7","1,427","1,414","1,385","1,406","1,369","66","53","48","46","44","4.63","3.75","3.47","3.27","3.21"
"Hunterdon","Delaware","16","7","2,640","2,627","2,589","2,559","2,490","104","86","88","71","60","3.94","3.27","3.4","2.77","2.41"
"Hunterdon","Franklin Twp","23","7","1,607","1,640","1,607","1,603","1,570","81","66","48","46","47","5.04","4.02","2.99","2.87","2.99"
"Hunterdon","Glen Gardner","23","7","1,069","1,060","1,043","1,192","1,168","55","46","44","40","41","5.14","4.34","4.22","3.36","3.51"
"Hunterdon","Holland","23","7","2,783","2,761","2,709","2,683","2,615","148","127","114","94","89","5.32","4.6","4.21","3.5","3.4"
"Gloucester","Paulsboro","3","1","2,728","2,712","2,699","2,703","2,592","309","267","231","222","184","11.33","9.85","8.56","8.21","7.1"
"Gloucester","Newfield","3","2","791","796","802","811","792","61","59","56","41","42","7.71","7.41","6.98","5.06","5.3"
"Gloucester","National Park","3","1","1,520","1,517","1,517","1,515","1,469","141","121","106","89","83","9.28","7.98","6.99","5.87","5.65"
"Gloucester","Monroe","4","1","18,447","18,776","18,537","18,684","18,129","1,473","1,225","1,055","991","847","7.99","6.52","5.69","5.3","4.67"
"Gloucester","Logan","3","1","3,342","3,351","3,358","3,399","3,271","180","161","129","144","105","5.39","4.8","3.84","4.24","3.21"
"Gloucester","West Deptford","3","1","11,309","11,306","11,294","11,362","10,983","790","675","538","523","451","6.99","5.97","4.76","4.6","4.11"
"Gloucester","Westville","5","1","2,245","2,227","2,242","2,224","2,155","211","173","167","134","122","9.4","7.77","7.45","6.03","5.66"
"Gloucester","Washington Twp","4","1","25,216","25,160","25,237","25,537","24,744","1,543","1,246","1,073","1,023","900","6.12","4.95","4.25","4.01","3.64"
"Gloucester","Wenonah","5","1","1,221","1,229","1,231","1,237","1,199","60","56","44","40","35","4.91","4.56","3.57","3.23","2.92"
"Gloucester","South Harrison","3","2","1,635","1,648","1,612","1,647","1,592","100","81","72","66","57","6.12","4.92","4.47","4.01","3.58"
"Gloucester","Swedesboro","3","2","1,432","1,443","1,454","1,458","1,417","76","69","72","67","62","5.31","4.78","4.95","4.6","4.38"
"Essex","Millburn","27","7","9,105","9,185","9,101","9,078","8,868","329","290","281","260","200","3.61","3.16","3.09","2.86","2.26"
"Essex","Irvington","28","10","25,710","25,493","25,131","24,973","24,402","2,611","2,172","1,936","1,786","1,629","10.16","8.52","7.7","7.15","6.68"
"Cumberland","Upper Deerfield","3","2","3,491","3,496","3,534","3,491","3,381","261","217","205","193","175","7.48","6.21","5.8","5.53","5.18"
"Cumberland","Millville","1","2","13,341","13,373","13,298","13,188","12,791","1,264","1,180","981","904","816","9.47","8.82","7.38","6.85","6.38"
"Essex","Cedar Grove","40","11","6,220","6,243","6,203","6,162","6,044","330","294","254","214","199","5.31","4.71","4.09","3.47","3.29"
"Essex","Belleville","29","8","19,720","19,603","19,275","19,185","18,724","1,542","1,233","1,048","989","852","7.82","6.29","5.44","5.16","4.55"
"Essex","Roseland","27","11","3,071","3,080","3,082","3,086","3,015","142","125","122","113","93","4.62","4.06","3.96","3.66","3.08"
"Essex","Verona","26","11","7,312","7,303","7,141","7,122","6,951","361","304","255","245","207","4.94","4.16","3.57","3.44","2.98"
"Gloucester","Clayton","3","2","3,981","4,046","4,099","4,185","4,084","354","319","251","240","203","8.89","7.88","6.12","5.73","4.97"
"Gloucester","Glassboro","3","1","9,106","9,204","9,306","9,680","9,486","644","581","501","492","435","7.07","6.31","5.38","5.08","4.59"
"Essex","North Caldwell","26","11","3,514","3,631","3,526","3,539","3,463","128","114","94","94","77","3.64","3.14","2.67","2.66","2.22"
"Bergen","Woodcliff Lake","39","5","2,912","2,948","2,951","2,937","2,856","116","99","90","87","81","3.98","3.36","3.05","2.96","2.84"
"Sussex","Andover Twp","24","5","3,169","3,123","3,040","3,034","2,918","175","139","129","125","98","5.52","4.45","4.24","4.12","3.36"
"Bergen","Wood-Ridge","36","9","4,859","4,916","4,766","4,948","5,015","258","235","212","199","177","5.31","4.78","4.45","4.02","3.53"
"Somerset","Watchung","21","7","2,821","2,824","2,825","2,831","2,768","127","120","113","97","87","4.5","4.25","4","3.43","3.14"
"Bergen","Washington Twp","39","5","4,704","4,759","4,767","4,744","4,604","233","206","196","182","154","4.95","4.33","4.11","3.84","3.34"
"Bergen","Waldwick","40","5","5,337","5,413","5,481","5,428","5,296","241","198","206","188","172","4.52","3.66","3.76","3.46","3.25"
"Sussex","Green","24","5","1,805","1,775","1,761","1,753","1,698","103","75","75","70","61","5.71","4.23","4.26","3.99","3.59"
"Sussex","Fredon","24","5","1,810","1,787","1,762","1,741","1,675","89","73","79","75","61","4.92","4.09","4.48","4.31","3.64"
"Sussex","Frankford","24","5","2,763","2,727","2,670","2,639","2,554","193","160","134","126","118","6.99","5.87","5.02","4.77","4.62"
"Burlington","Bordentown","7","3","2,384","2,401","2,381","2,391","2,307","131","123","88","92","75","5.49","5.12","3.7","3.85","3.25"
"Burlington","Bass River","9","2","731","737","731","734","708","77","72","55","54","48","10.53","9.77","7.52","7.36","6.78"
"Sussex","Branchville","24","5","382","373","362","359","341","29","23","18","20","14","7.59","6.17","4.97","5.57","4.11"
"Sussex","Lafayette","24","5","1,351","1,326","1,302","1,280","1,243","84","64","60","48","48","6.22","4.83","4.61","3.75","3.86"
"Sussex","Montague","24","5","1,847","1,823","1,784","1,775","1,702","126","105","86","88","69","6.82","5.76","4.82","4.96","4.05"
"Sussex","Hamburg","24","5","1,838","1,817","1,786","1,776","1,722","123","102","94","84","82","6.69","5.61","5.26","4.73","4.76"
"Sussex","Hardyston","24","5","4,644","4,589","4,534","4,468","4,299","275","235","205","185","159","5.92","5.12","4.52","4.14","3.7"
"Bergen","Tenafly","37","9","6,426","6,514","6,497","6,474","6,281","257","223","201","190","154","4","3.42","3.09","2.93","2.45"
"Bergen","Upper Saddle River","39","5","3,976","3,999","3,996","3,964","3,865","165","130","129","120","91","4.15","3.25","3.23","3.03","2.35"
"Bergen","Saddle Brook","38","9","7,423","7,451","7,458","7,436","7,221","497","397","372","362","299","6.7","5.33","4.99","4.87","4.14"
"Bergen","South Hackensack","36","9","1,328","1,351","1,337","1,320","1,295","88","82","74","62","55","6.63","6.07","5.53","4.7","4.25"
"Bergen","Ramsey","39","5","8,223","8,310","8,424","8,425","8,220","354","295","274","266","226","4.3","3.55","3.25","3.16","2.75"
"Bergen","Paramus","38","5","12,833","12,938","12,891","12,844","12,471","698","585","515","508","419","5.44","4.52","4","3.96","3.36"
"Bergen","Ridgewood","40","5","11,858","12,001","11,978","11,927","11,593","479","420","380","366","291","4.04","3.5","3.17","3.07","2.51"
"Somerset","Branchburg","16","7","8,095","8,108","8,087","8,093","7,895","357","342","306","282","269","4.41","4.22","3.78","3.48","3.41"
"Bergen","Ridgefield","36","9","5,872","5,911","5,914","5,873","5,731","316","253","233","199","180","5.38","4.28","3.94","3.39","3.14"
"Bergen","Rochelle Park","38","5","3,114","3,089","2,991","2,974","2,916","177","168","130","119","125","5.68","5.44","4.35","4","4.29"
"Somerset","Franklin Twp","17","12","34,400","34,616","34,392","34,440","33,632","1,952","1,703","1,582","1,456","1,277","5.67","4.92","4.6","4.23","3.8"
"Bergen","River Vale","39","5","4,720","4,816","4,794","4,833","4,709","201","194","183","168","143","4.26","4.03","3.82","3.48","3.04"
"Somerset","Bridgewater","23","7","23,197","23,073","23,012","22,930","22,445","1,129","945","884","833","708","4.87","4.1","3.84","3.63","3.15"
"Somerset","Millstone","16","7","217","218","212","211","202","16","15","10","9","5","7.37","6.88","4.72","4.27","2.48"
"Bergen","Rutherford","36","9","10,054","10,140","10,195","10,158","9,891","496","412","382","372","307","4.93","4.06","3.75","3.66","3.1"
"Somerset","Hillsborough","16","7","21,794","21,889","21,821","21,850","21,340","999","877","798","758","693","4.58","4.01","3.66","3.47","3.25"
"Somerset","Montgomery","16","7","10,362","10,475","10,481","10,646","10,453","454","416","353","355","322","4.38","3.97","3.37","3.33","3.08"
"Somerset","Peapack Gladstone","23","7","1,274","1,273","1,258","1,258","1,230","63","54","42","40","38","4.95","4.24","3.34","3.18","3.09"
"Somerset","Rocky Hill","16","7","371","372","374","372","360","13","14","15","13","10","3.5","3.76","4.01","3.49","2.78"
"Somerset","Somerville","16","7","6,608","6,579","6,513","6,492","6,448","371","324","274","253","240","5.61","4.92","4.21","3.9","3.72"
"Somerset","Warren","21","7","7,530","7,550","7,475","7,514","7,291","337","298","267","250","212","4.48","3.95","3.57","3.33","2.91"
"Bergen","Oakland","39","5","6,673","6,728","6,745","6,717","6,546","366","303","284","271","239","5.48","4.5","4.21","4.03","3.65"
"Bergen","Old Tappan","39","5","2,649","2,699","2,709","2,700","2,635","108","97","84","81","73","4.08","3.59","3.1","3","2.77"
"Bergen","Palisades Park","37","9","11,430","11,588","11,683","11,660","11,420","428","354","338","306","265","3.74","3.05","2.89","2.62","2.32"
"Monmouth","Wall","30","4","13,474","13,602","13,595","13,584","13,285","767","669","586","524","480","5.69","4.92","4.31","3.86","3.61"
"Monmouth","Tinton Falls","11","4","9,027","9,075","8,999","9,039","8,824","531","444","386","356","313","5.88","4.89","4.29","3.94","3.55"
"Monmouth","Spring Lake","30","4","1,137","1,152","1,139","1,143","1,119","53","49","40","38","35","4.66","4.25","3.51","3.32","3.13"
"Monmouth","Rumson","13","4","3,082","3,111","3,085","3,051","2,994","137","119","101","91","74","4.45","3.83","3.27","2.98","2.47"
"Monmouth","Oceanport","13","6","2,939","2,988","2,936","2,930","2,889","175","157","140","121","120","5.95","5.25","4.77","4.13","4.15"
"Monmouth","Neptune Twp","11","4","15,159","15,152","15,031","15,206","14,842","1,223","997","881","853","738","8.07","6.58","5.86","5.61","4.97"
"Monmouth","Millstone Twp","12","4","5,844","5,886","5,875","5,908","5,816","302","250","214","206","188","5.17","4.25","3.64","3.49","3.23"
"Monmouth","Howell","30","4","27,783","28,105","28,170","28,336","27,779","1,721","1,430","1,256","1,173","1,021","6.19","5.09","4.46","4.14","3.68"
"Monmouth","Matawan","12","6","4,886","4,900","4,966","4,961","4,852","323","265","236","203","174","6.61","5.41","4.75","4.09","3.59"
"Monmouth","Loch Arbour","11","6","113","115","112","113","110","3","4","3","5","4","2.65","3.48","2.68","4.42","3.64"
"Monmouth","Keyport","13","6","4,048","4,051","4,058","4,052","3,929","267","212","208","211","162","6.6","5.23","5.13","5.21","4.12"
"Monmouth","Hazlet","13","6","10,652","10,739","10,715","10,671","10,423","656","569","530","472","410","6.16","5.3","4.95","4.42","3.93"
"Monmouth","Freehold","11","4","6,352","6,389","6,390","6,377","6,223","331","283","261","244","206","5.21","4.43","4.08","3.83","3.31"
"Monmouth","Fair Haven","13","4","2,884","2,912","2,905","2,894","2,811","113","100","89","83","67","3.92","3.43","3.06","2.87","2.38"
"Cumberland","Bridgeton","3","2","8,357","8,401","8,346","8,313","7,975","951","839","731","683","646","11.38","9.99","8.76","8.22","8.1"
"Cape May","Woodbine","1","2","1,012","1,031","1,007","1,020","982","106","112","87","89","73","10.47","10.86","8.64","8.73","7.43"
"Monmouth","Bradley Beach","30","4","2,512","2,524","2,512","2,503","2,428","174","142","119","107","90","6.93","5.63","4.74","4.27","3.71"
"Cumberland","Fairfield","1","2","2,300","2,287","2,251","2,184","2,089","264","242","207","195","164","11.48","10.58","9.2","8.93","7.85"
"Monmouth","Avon By The Sea","30","4","1,000","944","949","950","928","59","41","42","39","33","5.9","4.34","4.43","4.11","3.56"
"Cumberland","Deerfield","3","2","1,666","1,657","1,649","1,624","1,575","159","128","102","80","75","9.54","7.72","6.19","4.93","4.76"
"Monmouth","Allentown","12","4","1,003","1,016","1,027","1,018","998","51","49","46","39","37","5.08","4.82","4.48","3.83","3.71"
"Monmouth","Aberdeen","13","6","9,880","10,004","10,118","10,082","9,842","608","505","461","430","385","6.15","5.05","4.56","4.27","3.91"
"Cumberland","Lawrence","1","2","1,751","1,731","1,714","1,691","1,629","214","184","158","143","119","12.22","10.63","9.22","8.46","7.31"
"Middlesex","South River","18","12","8,427","8,554","8,556","8,500","8,360","695","609","535","468","448","8.25","7.12","6.25","5.51","5.36"
"Cumberland","Greenwich","1","2","384","384","384","376","366","26","23","23","19","18","6.77","5.99","5.99","5.05","4.92"
"Sussex","Vernon","24","5","12,896","12,698","12,404","12,286","11,841","850","702","616","559","492","6.59","5.53","4.97","4.55","4.16"
"Middlesex","South Brunswick","16","12","24,200","24,716","25,063","25,206","25,073","1,207","997","947","869","745","4.99","4.03","3.78","3.45","2.97"
"Sussex","Sussex","24","5","1,001","985","950","951","914","79","68","54","55","48","7.89","6.9","5.68","5.78","5.25"
"Burlington","Maple Shade","6","1","10,852","10,804","10,824","10,858","10,522","720","556","474","461","398","6.63","5.15","4.38","4.25","3.78"
"Union","Berkeley Heights","21","7","6,568","6,589","6,515","6,521","6,448","286","246","212","203","190","4.35","3.73","3.25","3.11","2.95"
"Sussex","Walpack","24","5","11","10","10","7","8","0","0","0","0","1","0","0","0","0","12.5"
"Burlington","Fieldsboro","7","3","323","318","310","313","301","37","28","15","15","12","11.46","8.81","4.84","4.79","3.99"
"Sussex","Ogdensburg","24","11","1,295","1,273","1,245","1,258","1,208","82","64","57","62","50","6.33","5.03","4.58","4.93","4.14"
"Burlington","Edgewater Park","7","3","4,773","4,699","4,735","4,730","4,589","361","240","237","203","182","7.56","5.11","5.01","4.29","3.97"
"Sussex","Stanhope","24","11","2,074","2,059","1,992","1,954","1,883","122","113","106","90","80","5.88","5.49","5.32","4.61","4.25"
"Burlington","Lumberton","8","3","6,392","6,362","6,393","6,372","6,189","413","319","294","259","245","6.46","5.01","4.6","4.06","3.96"
"Sussex","Sandyston","24","5","1,105","1,100","1,074","1,067","1,022","57","57","50","48","42","5.16","5.18","4.66","4.5","4.11"
"Burlington","Florence","7","3","6,866","6,934","7,113","7,127","6,938","419","392","322","276","256","6.1","5.65","4.53","3.87","3.69"
"Burlington","Burlington Twp","7","3","11,928","11,988","12,079","12,094","11,805","744","621","510","443","405","6.24","5.18","4.22","3.66","3.43"
"Burlington","Cinnaminson","7","3","8,648","8,716","8,656","8,665","8,415","473","381","325","306","282","5.47","4.37","3.75","3.53","3.35"
"Burlington","Delanco","7","3","2,577","2,566","2,527","2,525","2,443","207","167","105","104","88","8.03","6.51","4.16","4.12","3.6"
"Burlington","Eastampton","8","3","3,509","3,500","3,478","3,495","3,377","222","178","141","144","120","6.33","5.09","4.05","4.12","3.55"
"Union","Cranford","21","7","12,394","12,658","12,648","12,630","12,439","583","485","439","410","358","4.7","3.83","3.47","3.25","2.88"
"Union","Elizabeth","20","8","63,858","63,866","62,924","62,610","61,355","5,352","4,589","3,915","3,600","3,127","8.38","7.19","6.22","5.75","5.1"
"Union","Garwood","21","7","2,319","2,419","2,320","2,313","2,272","138","133","117","105","90","5.95","5.5","5.04","4.54","3.96"
"Burlington","Bordentown Twp","7","3","6,354","6,476","6,694","6,842","6,725","337","274","245","238","227","5.3","4.23","3.66","3.48","3.38"
"Cumberland","Maurice River","1","2","1,730","1,798","1,762","1,486","1,401","197","186","157","119","111","11.39","10.34","8.91","8.01","7.92"
"Cumberland","Shiloh","1","2","290","290","290","288","283","20","17","13","13","16","6.9","5.86","4.48","4.51","5.65"
"Cumberland","Stow Creek","1","2","742","747","748","741","715","55","51","41","35","29","7.41","6.83","5.48","4.72","4.06"
"Cumberland","Vineland","1","2","28,184","28,298","28,340","28,190","27,379","2,722","2,346","2,029","1,918","1,693","9.66","8.29","7.16","6.8","6.18"
"Middlesex","New Brunswick","17","6","26,382","27,236","27,170","27,216","26,663","1,628","1,387","1,197","1,098","949","6.17","5.09","4.41","4.03","3.56"
"Middlesex","Plainsboro","14","12","13,209","13,448","13,583","13,548","13,299","537","439","394","377","315","4.07","3.26","2.9","2.78","2.37"
"Morris","Parsippany-Troy Hills","26","11","28,968","28,737","28,454","28,240","27,364","1,448","1,204","1,125","1,043","892","5","4.19","3.95","3.69","3.26"
"Morris","Randolph","25","11","13,988","13,948","13,820","13,731","13,357","642","559","524","471","404","4.59","4.01","3.79","3.43","3.02"
"Cape May","Dennis","1","2","3,571","3,557","3,449","3,433","3,359","354","295","243","218","193","9.91","8.29","7.05","6.35","5.75"
"Cape May","Middle Township","1","2","9,421","9,477","9,106","9,087","8,867","1,182","1,093","979","904","843","12.55","11.53","10.75","9.95","9.51"
"Cape May","Avalon","1","2","542","538","527","519","507","46","38","41","31","28","8.49","7.06","7.78","5.97","5.52"
"Cape May","Cape May Point","1","2","100","102","95","96","95","8","10","5","5","5","8","9.8","5.26","5.21","5.26"
"Camden","Woodlynne","5","1","1,437","1,427","1,412","1,435","1,398","141","119","90","101","93","9.81","8.34","6.37","7.04","6.65"
"Cape May","Wildwood","1","2","2,964","2,937","2,817","2,785","2,719","645","596","531","493","473","21.76","20.29","18.85","17.7","17.4"
"Cape May","West Wildwood","1","2","263","259","255","251","243","38","33","36","31","26","14.45","12.74","14.12","12.35","10.7"
"Cape May","Upper Township","1","2","6,692","6,741","6,501","6,515","6,324","538","514","428","414","327","8.04","7.62","6.58","6.35","5.17"
"Cape May","Sea Isle City","1","2","937","948","931","928","906","72","72","69","59","53","7.68","7.59","7.41","6.36","5.85"
"Cape May","North Wildwood","1","2","1,982","1,966","1,856","1,845","1,792","364","333","263","248","228","18.37","16.94","14.17","13.44","12.72"
"Ocean","South Toms River","9","3","1,713","1,737","1,732","1,727","1,693","169","142","137","109","101","9.87","8.18","7.91","6.31","5.97"
"Ocean","Seaside Park","9","3","719","726","708","710","694","54","54","42","40","37","7.51","7.44","5.93","5.63","5.33"
"Morris","Rockaway Twp","26","11","13,695","13,605","13,623","13,527","13,635","679","565","544","484","439","4.96","4.15","3.99","3.58","3.22"
"Morris","Rockaway","25","11","4,115","4,091","4,066","4,043","3,920","198","171","166","143","122","4.81","4.18","4.08","3.54","3.11"
"Passaic","Clifton","34","9","45,391","45,731","45,390","45,016","43,894","3,120","2,668","2,286","2,115","1,831","6.87","5.83","5.04","4.7","4.17"
"Ocean","Tuckerton","9","2","1,707","1,724","1,708","1,732","1,689","128","103","84","96","87","7.5","5.97","4.92","5.54","5.15"
"Ocean","Toms River","10","3","48,055","48,406","48,126","48,749","48,246","3,204","2,777","2,372","2,165","1,953","6.67","5.74","4.93","4.44","4.05"
"Ocean","Stafford","9","2, 3","12,955","12,994","13,075","13,214","12,977","922","768","688","652","565","7.12","5.91","5.26","4.93","4.35"
"Morris","Kinnelon","26","11","5,020","4,994","4,969","4,880","4,738","236","200","202","180","162","4.7","4","4.07","3.69","3.42"
"Camden","Laurel Springs","4","1","1,123","1,106","1,120","1,116","1,086","84","58","61","46","41","7.48","5.24","5.45","4.12","3.78"
"Camden","Lindenwold","4","1","9,179","9,164","9,253","9,314","9,012","760","648","639","613","516","8.28","7.07","6.91","6.58","5.73"
"Camden","Merchantville","6","1","1,709","1,725","1,712","1,714","1,670","128","130","102","94","86","7.49","7.54","5.96","5.48","5.15"
"Camden","Mount Ephraim","5","1","2,517","2,519","2,512","2,528","2,467","181","159","128","126","119","7.19","6.31","5.1","4.98","4.82"
"Camden","Waterford","8","2","5,716","5,670","5,666","5,695","5,528","495","393","330","309","259","8.66","6.93","5.82","5.43","4.69"
"Camden","Voorhees","6","1","14,682","14,655","14,873","14,968","14,603","795","641","562","509","453","5.41","4.37","3.78","3.4","3.1"
"Morris","Netcong","25","7","1,591","1,576","1,557","1,546","1,495","117","97","89","82","72","7.35","6.15","5.72","5.3","4.82"
"Camden","Pine Valley","8","1","8","8","8","7","7","0","0","0","0","0","0","0","0","0","0"
"Camden","Pennsauken","6","1","18,595","18,535","18,550","18,788","18,308","1,392","1,181","1,005","939","867","7.49","6.37","5.42","5","4.74"
"Camden","Stratford","6","1","3,477","3,474","3,512","3,525","3,435","254","201","177","164","147","7.31","5.79","5.04","4.65","4.28"
"Camden","Runnemede","5","1","4,262","4,210","4,230","4,225","4,122","349","262","243","201","189","8.19","6.22","5.74","4.76","4.59"
"Morris","Madison","27","11","7,807","7,704","7,629","7,601","7,361","372","309","281","261","226","4.76","4.01","3.68","3.43","3.07"
"Morris","Lincoln Park","26","11","5,789","5,757","5,642","5,659","5,517","342","282","244","229","212","5.91","4.9","4.32","4.05","3.84"
"Morris","Mine Hill","25","7","1,960","1,942","1,874","1,879","1,809","129","119","102","92","71","6.58","6.13","5.44","4.9","3.92"
"Morris","Mendham","25","11","2,116","2,093","2,084","2,079","2,018","99","77","80","75","70","4.68","3.68","3.84","3.61","3.47"
"Morris","Morris Twp","25","11","11,621","11,586","11,510","11,498","11,097","483","408","377","365","293","4.16","3.52","3.28","3.17","2.64"
"Morris","Montville","26","11","10,977","10,938","10,859","10,799","10,464","503","417","404","391","332","4.58","3.81","3.72","3.62","3.17"
"Morris","Mount Olive","24","7","15,484","15,526","15,443","15,461","15,091","799","689","636","581","533","5.16","4.44","4.12","3.76","3.53"
"Morris","Morristown","25","11","11,338","11,667","11,261","11,493","11,177","486","445","401","360","318","4.29","3.81","3.56","3.13","2.85"
"Salem","Oldmans","3","2","1,026","1,024","1,003","976","942","64","49","50","41","36","6.24","4.79","4.99","4.2","3.82"
"Salem","Pennsville","3","2","6,583","6,595","6,391","6,225","5,972","479","421","366","329","274","7.28","6.38","5.73","5.29","4.59"
"Salem","Elsinboro","3","2","482","497","475","462","437","39","49","37","33","21","8.09","9.86","7.79","7.14","4.81"
"Salem","Lower Alloways Creek","3","2","812","811","802","823","749","63","50","58","56","37","7.76","6.17","7.23","6.8","4.94"
"Camden","Berlin Twp","6","1","2,780","2,782","2,832","2,873","2,824","234","194","185","162","145","8.42","6.97","6.53","5.64","5.13"
"Camden","Camden","5","1","27,003","27,095","26,635","26,183","25,349","3,431","3,001","2,703","2,565","2,253","12.71","11.08","10.15","9.8","8.89"
"Camden","Bellmawr","5","1","5,966","5,951","5,929","5,980","5,812","453","389","312","303","263","7.59","6.54","5.26","5.07","4.53"
"Camden","Gloucester City","5","1","5,485","5,483","5,460","5,465","5,310","495","449","375","327","292","9.02","8.19","6.87","5.98","5.5"
"Camden","Collingswood","6","1","7,884","7,973","8,028","8,079","7,871","460","366","331","304","270","5.83","4.59","4.12","3.76","3.43"
"Camden","Clementon","4","1","2,778","2,759","2,709","2,709","2,654","286","244","167","155","143","10.3","8.84","6.16","5.72","5.39"
"Camden","Cherry Hill","6","1","37,160","37,282","37,370","37,629","36,643","1,896","1,591","1,393","1,307","1,115","5.1","4.27","3.73","3.47","3.04"
"Camden","Hi-Nella","6","1","489","478","467","477","465","54","39","23","25","24","11.04","8.16","4.93","5.24","5.16"
"Camden","Haddon Twp","6","1","7,992","7,999","8,034","8,164","7,966","383","322","275","260","233","4.79","4.03","3.42","3.18","2.92"
"Camden","Haddon Heights","5","1","3,956","3,968","4,049","4,090","4,011","180","157","132","120","112","4.55","3.96","3.26","2.93","2.79"
"Somerset","Bernardsville","25","7","4,038","4,023","4,011","4,031","3,908","160","135","125","132","103","3.96","3.36","3.12","3.27","2.64"
"Somerset","Bernards Twp","21","7","12,822","12,726","12,736","12,711","12,373","563","446","466","419","355","4.39","3.5","3.66","3.3","2.87"
"Salem","Woodstown","3","2","1,648","1,662","1,659","1,614","1,556","110","105","88","76","61","6.67","6.32","5.3","4.71","3.92"
"Salem","Salem","3","2","1,849","1,842","1,753","1,740","1,637","282","259","212","235","178","15.25","14.06","12.09","13.51","10.87"
"Salem","Quinton","3","2","1,300","1,298","1,246","1,169","1,166","120","101","86","77","75","9.23","7.78","6.9","6.59","6.43"
"Salem","Pilesgrove","3","2","1,884","1,863","1,874","1,839","1,788","140","97","84","83","80","7.43","5.21","4.48","4.51","4.47"
"Passaic","Hawthorne","38","9","10,410","10,466","10,390","10,289","10,034","638","541","489","448","389","6.13","5.17","4.71","4.35","3.88"
"Passaic","Little Falls","40","11","7,736","7,756","7,690","7,616","7,412","455","388","341","316","279","5.88","5","4.43","4.15","3.76"
"Passaic","Passaic","36","9","30,221","30,394","29,843","29,532","28,660","2,844","2,428","2,147","1,986","1,658","9.41","7.99","7.19","6.72","5.79"
"Somerset","Bedminster","23","7","5,083","5,067","5,045","5,040","4,878","220","188","182","176","141","4.33","3.71","3.61","3.49","2.89"
"Somerset","South Bound Brook","23","12","2,482","2,460","2,428","2,431","2,370","188","161","127","128","103","7.57","6.54","5.23","5.27","4.35"
"Warren","Washington Twp","23","5","3,747","3,742","3,702","3,695","3,614","197","179","143","135","124","5.26","4.78","3.86","3.65","3.43"
"Sussex","Stillwater","24","5","2,439","2,412","2,357","2,363","2,282","141","119","109","96","89","5.78","4.93","4.62","4.06","3.9"
"Burlington","Washington Twp","9","2","425","420","420","435","432","37","32","28","27","25","8.71","7.62","6.67","6.21","5.79"
"Burlington","Tabernacle","9","3","3,827","3,853","3,871","3,863","3,748","223","204","183","168","151","5.83","5.29","4.73","4.35","4.03"
"Burlington","Wrightstown","12","3","391","389","393","391","380","29","23","22","21","20","7.42","5.91","5.6","5.37","5.26"
"Burlington","Willingboro","7","3","15,724","15,651","15,357","15,671","15,380","1,413","1,161","955","910","828","8.99","7.42","6.22","5.81","5.38"
"Camden","Barrington","5","1","3,632","3,611","3,608","3,622","3,531","232","181","153","146","143","6.39","5.01","4.24","4.03","4.05"
"Camden","Audubon","5","1","5,201","5,184","5,220","5,243","5,092","300","237","217","194","159","5.77","4.57","4.16","3.7","3.12"
"Passaic","Woodland Park","40","11","6,269","6,344","6,335","6,384","6,235","463","404","362","345","279","7.39","6.37","5.71","5.4","4.47"
"Passaic","West Milford","26","5","15,332","15,443","15,338","15,213","14,882","923","794","668","620","567","6.02","5.14","4.36","4.08","3.81"
"Salem","Carneys Point","3","2","3,716","3,733","3,629","3,560","3,428","319","279","247","244","206","8.58","7.47","6.81","6.85","6.01"
"Passaic","Prospect Park","35","9","3,348","3,338","3,333","3,293","3,214","272","215","209","188","170","8.12","6.44","6.27","5.71","5.29"
"Passaic","Paterson","35","9","62,767","62,637","62,144","61,340","59,849","7,474","6,352","5,688","5,119","4,588","11.91","10.14","9.15","8.35","7.67"
"Passaic","Wanaque","39","11","6,428","6,566","6,743","6,674","6,580","396","329","311","285","247","6.16","5.01","4.61","4.27","3.75"
"Passaic","Totowa","40","11","5,232","5,258","5,223","5,189","4,991","357","310","277","269","248","6.82","5.9","5.3","5.18","4.97"
""
"County Summary"
"","Workforce","Workforce","Workforce","Workforce","Workforce","Unemployed","Unemployed","Unemployed","Unemployed","Unemployed","% Unemployed","% Unemployed","% Unemployed","% Unemployed","% Unemployed"
"County  ","2014  ","2015  ","2016  ","2017  ","2018  ","2014  ","2015  ","2016  ","2017  ","2018  ","2014  ","2015  ","2016  ","2017  ","2018  "
"Atlantic","133,128","127,663","124,251","121,099","118,970","13,814","11,958","9,195","8,701","7,000","10.38","9.37","7.4","7.19","5.88"
"Bergen","479,446","485,324","484,174","483,326","472,002","25,760","22,096","20,181","18,800","16,226","5.37","4.55","4.17","3.89","3.44"
"Burlington","232,025","232,363","233,049","234,179","227,447","14,671","12,078","10,336","9,597","8,570","6.32","5.2","4.44","4.1","3.77"
"Camden","255,546","255,348","255,629","256,930","249,950","19,156","16,039","13,986","13,088","11,590","7.5","6.28","5.47","5.09","4.64"
"Cape May","48,954","48,893","47,220","47,090","45,788","5,888","5,304","4,634","4,308","3,841","12.03","10.85","9.81","9.15","8.39"
"Cumberland","67,162","67,386","67,210","66,407","64,288","6,626","5,846","5,025","4,617","4,161","9.87","8.68","7.48","6.95","6.47"
"Essex","375,865","375,628","371,131","370,499","364,347","29,626","25,222","22,325","21,008","18,849","7.88","6.71","6.02","5.67","5.17"
"Gloucester","148,820","149,658","150,049","151,565","147,172","10,567","8,854","7,583","7,152","6,231","7.1","5.92","5.05","4.72","4.23"
"Hudson","357,862","362,266","361,785","362,644","357,638","23,258","19,056","16,880","15,865","13,850","6.5","5.26","4.67","4.37","3.87"
"Hunterdon","66,368","66,113","65,147","64,723","63,023","3,154","2,708","2,454","2,285","2,051","4.75","4.1","3.77","3.53","3.25"
"Mercer","194,497","199,026","199,777","198,839","196,455","11,083","9,573","8,640","8,157","7,179","5.7","4.81","4.32","4.1","3.65"
"Middlesex","432,109","440,342","442,438","442,307","435,053","25,933","21,935","19,491","18,106","15,789","6","4.98","4.41","4.09","3.63"
"Monmouth","328,658","331,619","331,131","330,696","323,112","19,571","16,454","14,673","13,614","11,871","5.95","4.96","4.43","4.12","3.67"
"Morris","263,875","263,272","260,506","259,920","252,984","12,956","11,124","10,159","9,470","8,285","4.91","4.23","3.9","3.64","3.27"
"Ocean","265,297","268,588","268,834","271,112","266,952","19,050","16,120","14,064","13,047","11,494","7.18","6","5.23","4.81","4.31"
"Passaic","248,427","249,647","247,823","245,449","239,204","20,164","17,124","15,188","13,965","12,203","8.12","6.86","6.13","5.69","5.1"
"Salem","31,427","31,443","30,618","29,890","28,795","2,585","2,219","1,944","1,829","1,569","8.23","7.06","6.35","6.12","5.45"
"Somerset","173,957","174,487","173,236","173,323","169,122","8,881","7,699","7,020","6,593","5,802","5.11","4.41","4.05","3.8","3.43"
"Sussex","78,651","77,575","75,959","75,281","72,559","4,913","4,067","3,568","3,300","2,870","6.25","5.24","4.7","4.38","3.96"
"Union","279,106","279,865","277,378","276,962","272,680","18,993","16,395","14,322","13,214","11,742","6.8","5.86","5.16","4.77","4.31"
"Warren","57,420","57,196","56,886","56,566","55,350","3,511","2,980","2,602","2,355","2,119","6.11","5.21","4.57","4.16","3.83"
""
"New Jersey State Summary"
"Workforce","Workforce","Workforce","Workforce","Workforce","Unemployed","Unemployed","Unemployed","Unemployed","Unemployed","% Unemployed","% Unemployed","% Unemployed","% Unemployed","% Unemployed"
"2014  ","2015  ","2016  ","2017  ","2018  ","2014  ","2015  ","2016  ","2017  ","2018  ","2014  ","2015  ","2016  ","2017  ","2018  "
"4,518,600","4,543,702","4,524,231","4,518,807","4,422,891","300,160","254,851","224,270","209,071","183,292","6.64","5.61","4.96","4.63","4.14"
""
"DISCLAIMER: The information in the website may be used, downloaded, reproduced or reprinted provided"
"that appropiate acknowledgment appears in all copies or works created with the downloaded information."
"You may not use or misrepresent our name, logos, trademarks, other intellectual property or materials for your own use or reprint."
""
"New Jersey Data Book(SM)  Rutgers Center for Goverment Services, New Brunswick, NJ"
"New Jersey Data Book is a Service Mark of the Rutgers Center for Goverment Services"