"","","","","TANF Children","TANF Children","TANF Children","TANF Children","TANF Children","TANF %","TANF %","TANF %","TANF %","TANF %","SNAP Beneficiaries","SNAP Beneficiaries","SNAP Beneficiaries","SNAP Beneficiaries","SNAP Beneficiaries","% SNAP Beneficiaries","% SNAP Beneficiaries","% SNAP Beneficiaries","% SNAP Beneficiaries","% SNAP Beneficiaries"
"County  ","Municipality  ","LD  ","CD  ","2014  ","2015  ","2016  ","2017  ","2018  ","2014  ","2015  ","2016  ","2017  ","2018  ","2014  ","2015  ","2016  ","2017  ","2018  ","2014  ","2015  ","2016  ","2017  ","2018  "
"Warren","Liberty","24","5","1","-","-","-","-","0.03","-","-","-","-","20","17","17","14","14","0.69","0.59","0.6","0.49","0.49"
"Atlantic","Brigantine","2","2","48","34","33","32","28","0.51","0.36","0.36","0.35","0.31","749","805","754","658","572","7.96","8.62","8.19","7.28","6.38"
"Monmouth","Deal","11","6","-","-","-","2","-","-","-","-","0.27","-","57","60","64","54","46","7.67","8.14","8.67","7.37","6.28"
"Monmouth","Manalapan","12","4","13","5","3","4","3","0.03","0.01","0.01","0.01","0.01","971","964","218","842","734","2.44","2.41","0.54","2.1","1.83"
"Bergen","Norwood","39","5","-","3","-","-","-","-","0.05","-","-","-","59","54","50","48","60","1.02","0.93","0.85","0.82","1.02"
"Bergen","North Arlington","36","9","15","10","-","3","5","0.1","0.06","-","0.02","0.03","572","634","653","596","506","3.66","4.03","4.11","3.76","3.16"
"Middlesex","Old Bridge","12","6, 12","53","47","39","39","23","0.08","0.07","0.06","0.06","0.03","3,013","3,272","3,352","3,265","3,072","4.53","4.88","4.99","4.9","4.58"
"Morris","Riverdale","40","11","4","3","3","1","1","0.1","0.07","0.07","0.02","0.02","106","99","100","88","89","2.61","2.45","2.34","2.07","2.1"
"Bergen","Montvale","39","5","-","1","1","-","-","-","0.01","0.01","-","-","86","96","98","97","96","1.07","1.18","1.16","1.14","1.1"
"Union","Winfield","22","7","-","-","-","1","-","-","-","-","0.07","-","75","83","84","73","62","5.02","5.53","5.56","4.84","4.06"
"Bergen","Mahwah","39","5","5","6","2","1","2","0.02","0.02","0.01","0","0.01","370","397","420","390","300","1.4","1.5","1.58","1.47","1.12"
"Monmouth","Shrewsbury","11","4","-","-","-","-","-","-","-","-","-","-","15","13","34","18","9","0.38","0.32","0.82","0.44","0.22"
"Bergen","Hillsdale","39","5","1","1","1","3","1","0.01","0.01","0.01","0.03","0.01","161","163","183","192","177","1.54","1.56","1.73","1.83","1.67"
"Bergen","Hasbrouck Heights","38","9","20","17","8","5","24","0.17","0.14","0.07","0.04","0.2","430","519","469","471","426","3.58","4.27","3.84","3.87","3.47"
"Morris","Jefferson","26","11","4","7","5","8","1","0.02","0.03","0.02","0.04","0","517","525","467","410","376","2.4","2.44","2.17","1.92","1.76"
"Middlesex","South Plainfield","18","6","17","20","6","8","5","0.07","0.08","0.02","0.03","0.02","762","825","788","748","635","3.2","3.44","3.24","3.09","2.6"
"Bergen","Fort Lee","37","9","13","9","19","8","7","0.04","0.02","0.05","0.02","0.02","1,401","1,508","1,468","1,498","1,447","3.89","4.07","4","3.99","3.82"
"Middlesex","South Amboy","19","6","66","40","30","29","14","0.75","0.45","0.34","0.33","0.16","1,332","1,582","1,409","1,359","1,299","15.12","17.87","15.93","15.48","14.67"
"Bergen","Glen Rock","38","5","-","-","-","-","-","-","-","-","-","-","42","57","71","62","61","0.35","0.48","0.59","0.52","0.51"
"Bergen","Edgewater","32","9","7","13","10","3","1","0.06","0.11","0.08","0.02","0.01","293","356","349","303","269","2.41","2.88","2.9","2.52","2.17"
"Bergen","Fair Lawn","38","5","16","12","15","7","8","0.05","0.04","0.04","0.02","0.02","919","1,008","1,046","1,039","898","2.79","3","3.11","3.11","2.66"
"Monmouth","Asbury Park","11","6","193","127","78","78","67","1.22","0.8","0.49","0.5","0.42","4,733","5,043","4,839","4,434","3,971","29.85","31.96","30.59","28.2","25.19"
"Monmouth","Allenhurst","11","6","-","-","-","-","-","-","-","-","-","-","26","24","23","21","17","5.27","4.91","4.68","4.31","3.48"
"Middlesex","Woodbridge","19","6","110","108","82","64","46","0.11","0.11","0.08","0.06","0.05","5,218","5,696","5,725","5,543","5,086","5.19","5.65","5.61","5.47","4.99"
"Middlesex","Spotswood","14","12","1","7","11","1","1","0.01","0.08","0.13","0.01","0.01","322","406","418","409","416","3.83","4.81","4.93","4.85","4.92"
"Monmouth","Colts Neck","11","4","-","-","-","-","-","-","-","-","-","-","68","63","67","51","39","0.67","0.63","0.67","0.51","0.39"
"Monmouth","Brielle","30","4","2","1","-","-","-","0.04","0.02","-","-","-","58","74","56","50","48","1.22","1.55","1.18","1.06","1.02"
"Monmouth","Belmar","30","4","13","15","7","1","5","0.23","0.26","0.12","0.02","0.09","469","498","502","466","446","8.18","8.71","8.79","8.2","7.85"
"Monmouth","Atlantic Highlands","13","6","11","10","8","7","5","0.25","0.23","0.19","0.16","0.12","274","281","298","254","276","6.29","6.48","6.91","5.91","6.4"
"Salem","Upper Pittsgrove","3","2","3","1","2","1","3","0.09","0.03","0.06","0.03","0.09","141","171","141","166","127","4.06","4.95","4.12","4.9","3.78"
"Salem","Alloway","3","2","2","2","5","3","2","0.06","0.06","0.15","0.09","0.06","97","101","94","82","84","2.82","2.95","2.78","2.46","2.52"
"Somerset","Bound Brook","23","12","42","52","36","28","33","0.4","0.47","0.34","0.27","0.32","1,241","1,318","1,292","1,095","932","11.83","11.86","12.31","10.47","8.9"
"Somerset","Far Hills","21","7","-","-","-","-","1","-","-","-","-","0.11","9","11","22","21","14","0.97","1.19","2.37","2.27","1.51"
"Somerset","Green Brook","22","7","1","1","-","1","3","0.01","0.01","-","0.01","0.04","126","128","134","78","95","1.74","1.77","1.84","1.08","1.32"
"Salem","Penns Grove","3","2","123","78","61","34","31","2.44","1.56","1.23","0.7","0.64","2,105","2,146","2,072","1,779","1,830","41.71","42.86","41.9","36.43","37.88"
"Salem","Pittsgrove","3","2","22","6","12","3","3","0.24","0.07","0.13","0.03","0.03","695","741","747","665","587","7.53","8.08","8.23","7.43","6.62"
"Bergen","Emerson","39","5","5","4","1","1","24","0.07","0.05","0.01","0.01","0.31","103","115","126","112","106","1.36","1.51","1.64","1.46","1.37"
"Ocean","Barnegat Twp","9","3","92","109","67","38","36","0.42","0.49","0.3","0.17","0.16","1,726","1,895","1,822","1,535","1,421","7.88","8.5","8.24","6.89","6.24"
"Bergen","Little Ferry","36","9","7","12","9","9","2","0.06","0.11","0.08","0.08","0.02","550","633","663","629","558","5.09","5.83","6.05","5.76","5.07"
"Bergen","River Edge","38","5","1","2","3","-","2","0.01","0.02","0.03","-","0.02","163","203","221","185","152","1.42","1.75","1.89","1.59","1.3"
"Morris","Wharton","25","7","19","14","13","5","3","0.29","0.21","0.2","0.08","0.05","746","786","674","585","559","11.27","11.89","10.19","8.89","8.51"
"Morris","Victory Gardens","25","11","4","4","4","-","2","0.26","0.26","0.26","-","0.13","72","86","82","57","74","4.69","5.62","5.35","3.75","4.88"
"Ocean","Berkeley Twp","9","3","48","55","48","21","13","0.11","0.13","0.12","0.05","0.03","1,434","1,520","1,484","1,223","1,048","3.43","3.62","3.56","2.93","2.51"
"Somerset","Manville","16","12","42","38","29","16","19","0.4","0.37","0.28","0.15","0.18","897","990","950","817","749","8.61","9.53","9.11","7.83","7.19"
"Bergen","Teaneck","37","5, 9","72","64","57","36","19","0.18","0.16","0.14","0.09","0.05","1,609","1,813","1,779","1,797","1,586","3.99","4.47","4.34","4.38","3.84"
"Ocean","Lakewood","30","4","314","210","182","85","62","0.34","0.22","0.18","0.08","0.06","31,969","33,308","32,582","30,452","26,312","34.16","35","32.82","30.22","25.62"
"Somerset","North Plainfield","22","7","63","52","30","33","34","0.29","0.24","0.14","0.15","0.15","2,346","2,079","1,763","1,510","1,202","10.64","9.44","7.96","6.84","5.45"
"Somerset","Raritan","23","7","14","14","13","2","1","0.18","0.17","0.16","0.02","0.01","370","371","395","354","327","4.8","4.58","4.92","4.42","4.08"
"Ocean","Barnegat Light","9","2","-","3","-","-","-","-","0.52","-","-","-","21","22","19","18","14","3.64","3.79","3.3","3.07","2.39"
"Ocean","Ocean Gate","9","3","29","22","17","13","3","1.43","1.08","0.85","0.65","0.15","259","236","212","214","148","12.79","11.62","10.55","10.66","7.32"
"Morris","Washington Twp","25","7","1","1","1","-","2","0.01","0.01","0.01","-","0.01","225","191","191","156","169","1.2","1.02","1.02","0.83","0.9"
"Ocean","Ship Bottom","9","2","3","4","3","-","-","0.26","0.35","0.26","-","-","52","45","48","50","27","4.49","3.92","4.23","4.39","2.36"
"Sussex","Andover","24","5","4","4","2","1","-","0.68","0.68","0.34","0.18","-","82","73","62","62","51","13.85","12.44","10.67","10.86","8.99"
"Bergen","Wyckoff","40","5","8","12","1","-","-","0.05","0.07","0.01","-","-","65","81","88","86","70","0.38","0.48","0.51","0.5","0.4"
"Monmouth","Eatontown","11","4","36","30","20","15","15","0.29","0.24","0.16","0.12","0.12","1,341","1,421","1,394","1,224","1,160","10.94","11.59","11.33","9.96","9.37"
"Essex","Nutley","28","11","31","29","13","14","5","0.11","0.1","0.05","0.05","0.02","833","872","862","876","785","2.92","3.04","3","3.06","2.71"
"Bergen","Park Ridge","39","5","2","1","1","1","1","0.02","0.01","0.01","0.01","0.01","113","145","148","138","95","1.28","1.64","1.66","1.55","1.06"
"Bergen","Westwood","39","5","1","2","-","2","2","0.01","0.02","-","0.02","0.02","270","300","278","311","261","2.44","2.69","2.47","2.77","2.3"
"Bergen","Ridgefield Park","36","9","17","26","8","6","1","0.13","0.2","0.06","0.05","0.01","699","864","884","823","740","5.41","6.65","6.75","6.3","5.63"
"Essex","Newark","28, 29","8, 10","5,477","4,772","3,309","2,130","2,003","1.97","1.7","1.17","0.76","0.7","80,405","82,768","80,624","76,056","71,579","28.88","29.5","28.6","26.99","25.1"
"Bergen","Wallington","36","9","13","12","10","5","3","0.11","0.1","0.09","0.04","0.03","560","697","617","618","511","4.85","6","5.27","5.29","4.34"
"Bergen","Rockleigh","37","5","-","-","-","-","-","-","-","-","-","-","2","1","1","1","1","0.37","0.19","0.19","0.19","0.19"
"Monmouth","Farmingdale","30","4","3","6","1","2","1","0.23","0.46","0.08","0.15","0.08","414","453","429","372","349","31.58","34.9","32.85","28.77","26.89"
"Bergen","Saddle River","39","5","-","-","-","-","-","-","-","-","-","-","24","26","36","38","22","0.75","0.81","1.11","1.17","0.67"
"Monmouth","Englishtown","12","4","2","2","-","2","3","0.1","0.1","-","0.1","0.15","222","252","201","223","202","11.4","12.84","10.28","11.51","10.4"
"Burlington","Evesham","8","3","23","25","23","15","7","0.05","0.05","0.05","0.03","0.02","1,030","1,122","1,063","853","749","2.26","2.46","2.33","1.88","1.65"
"Monmouth","Highlands","13","6","4","1","3","2","3","0.08","0.02","0.06","0.04","0.06","346","363","339","318","331","6.98","7.37","6.97","6.59","6.87"
"Essex","Livingston","27","11","6","7","11","8","8","0.02","0.02","0.04","0.03","0.03","266","306","303","279","292","0.9","1.02","1.02","0.94","0.97"
"Essex","Glen Ridge","28","10","5","8","5","1","4","0.07","0.1","0.07","0.01","0.05","160","282","283","296","288","2.1","3.67","3.69","3.87","3.74"
"Monmouth","Freehold Twp","11","4","15","11","9","12","4","0.04","0.03","0.03","0.03","0.01","1,148","1,438","1,382","1,371","1,331","3.18","4.02","3.86","3.85","3.8"
"Burlington","Delran","7","3","28","37","31","15","13","0.17","0.22","0.18","0.09","0.08","843","900","875","794","748","5.01","5.37","5.22","4.77","4.5"
"Burlington","Burlington","7","3","62","85","84","49","36","0.63","0.87","0.86","0.5","0.37","1,354","1,501","1,502","1,364","1,224","13.75","15.32","15.31","13.83","12.45"
"Monmouth","Interlaken","11","6","-","-","-","-","-","-","-","-","-","-","21","36","41","38","30","2.56","4.41","5.07","4.74","3.75"
"Essex","Montclair","34","10, 11","96","53","34","29","34","0.25","0.14","0.09","0.07","0.09","1,672","1,625","1,525","1,435","1,330","4.41","4.26","3.99","3.71","3.39"
"Atlantic","Northfield","2","2","10","10","10","12","8","0.12","0.12","0.12","0.14","0.1","414","482","474","414","397","4.8","5.6","5.56","4.92","4.75"
"Burlington","Beverly","7","3","25","30","20","27","20","0.97","1.17","0.78","1.07","0.8","755","769","709","653","551","29.43","30.11","27.71","25.98","22"
"Monmouth","Holmdel","13","4","6","2","-","1","-","0.04","0.01","-","0.01","-","187","190","202","172","189","1.12","1.14","1.21","1.04","1.14"
"Essex","Maplewood","27","10","41","44","15","23","15","0.17","0.18","0.06","0.09","0.06","933","915","946","958","846","3.81","3.71","3.83","3.89","3.4"
"Bergen","Oradell","38","5","-","-","-","-","-","-","-","-","-","-","60","65","60","75","62","0.74","0.8","0.73","0.91","0.75"
"Essex","Caldwell","27","11","4","4","5","3","6","0.05","0.05","0.06","0.04","0.07","216","196","256","236","266","2.75","2.48","3.22","2.94","3.29"
"Monmouth","Lake Como","30","4","2","1","5","3","2","0.12","0.06","0.29","0.17","0.12","35","36","47","16","21","2.03","2.1","2.72","0.93","1.22"
"Essex","Bloomfield","28","10, 11","125","122","108","42","52","0.26","0.25","0.22","0.09","0.1","3,592","3,644","3,655","3,409","3,219","7.55","7.6","7.57","7.02","6.32"
"Monmouth","Keansburg","13","6","60","51","32","18","24","0.6","0.52","0.32","0.18","0.24","1,860","1,978","1,937","1,849","1,766","18.57","20.04","19.62","18.82","18.01"
"Essex","Fairfield","26","11","6","6","9","4","6","0.08","0.08","0.12","0.05","0.08","190","280","261","325","370","2.53","3.71","3.44","4.3","4.86"
"Burlington","Mansfield","8","3","3","3","4","5","-","0.04","0.04","0.05","0.06","-","186","162","138","109","107","2.17","1.89","1.61","1.27","1.25"
"Burlington","Hainesport","8","3","8","13","10","4","6","0.13","0.21","0.17","0.07","0.1","289","298","277","229","230","4.72","4.89","4.58","3.77","3.8"
"Essex","East Orange","34","10","975","906","620","363","343","1.51","1.39","0.95","0.56","0.52","16,250","16,152","15,600","14,366","12,860","25.18","24.82","24.02","22.17","19.67"
"Monmouth","Little Silver","13","4","-","-","-","-","-","-","-","-","-","-","40","39","36","41","29","0.68","0.66","0.61","0.7","0.49"
"Sussex","Franklin","24","5","17","16","12","4","2","0.34","0.33","0.25","0.08","0.04","481","471","386","339","303","9.74","9.6","7.95","7.04","6.35"
"Sussex","Hampton Twp","24","5","-","-","-","-","-","-","-","-","-","-","14","11","9","9","6","0.28","0.22","0.18","0.18","0.12"
"Sussex","Byram","24","11","-","1","1","-","-","-","0.01","0.01","-","-","12","18","16","11","15","0.15","0.22","0.2","0.14","0.19"
"Sussex","Sparta","24","11","1","1","2","3","1","0.01","0.01","0.01","0.02","0.01","266","241","218","194","185","1.37","1.25","1.14","1.03","0.98"
"Burlington","Moorestown","7","3","28","20","14","18","13","0.14","0.1","0.07","0.09","0.06","509","617","501","470","384","2.46","3","2.44","2.29","1.87"
"Sussex","Wantage","24","5","2","2","2","3","1","0.02","0.02","0.02","0.03","0.01","162","153","138","144","129","1.44","1.37","1.25","1.31","1.18"
"Burlington","Pemberton Twp","8","3","156","147","109","75","65","0.56","0.53","0.39","0.27","0.24","2,656","2,923","2,894","2,552","2,208","9.51","10.51","10.42","9.26","8.09"
"Bergen","Teterboro","36","9","-","-","-","-","1","-","-","-","-","1.45","9","14","19","15","22","12.68","19.72","27.54","21.74","31.88"
"Sussex","Hopatcong","24","11","12","7","4","6","4","0.08","0.05","0.03","0.04","0.03","411","380","360","332","317","2.78","2.59","2.48","2.31","2.22"
"Burlington","Chesterfield","12","3","1","1","1","1","-","0.01","0.01","0.01","0.01","-","77","89","97","74","51","0.99","1.16","1.28","0.99","0.67"
"Sussex","Newton","24","5","42","40","28","28","12","0.53","0.51","0.35","0.35","0.15","1,294","1,253","1,125","1,148","1,012","16.29","15.91","14.1","14.52","12.88"
"Warren","Phillipsburg","23","7","185","157","119","110","104","1.26","1.08","0.82","0.76","0.72","3,465","3,453","3,481","3,281","3,312","23.64","23.7","23.98","22.7","22.91"
"Warren","Hardwick","24","5","5","8","-","3","4","0.3","0.48","-","0.18","0.24","25","33","34","16","21","1.5","1.98","2.04","0.96","1.28"
"Ocean","Lakehurst","10","4","8","7","6","-","3","0.3","0.26","0.22","-","0.11","307","304","253","192","164","11.37","11.21","9.39","7.13","6.08"
"Warren","Harmony","23","7","3","-","-","-","-","0.12","-","-","-","-","67","49","31","29","27","2.58","1.91","1.21","1.15","1.07"
"Ocean","Lacey","9","3","55","65","39","30","28","0.2","0.23","0.14","0.11","0.1","1,528","1,634","1,537","1,354","1,095","5.45","5.79","5.4","4.74","3.8"
"Warren","Frelinghuysen","24","5","-","-","-","-","1","-","-","-","-","0.05","18","17","30","25","23","0.82","0.78","1.37","1.14","1.05"
"Union","Clark","22","7","4","5","4","5","6","0.03","0.03","0.03","0.03","0.04","207","219","175","151","153","1.36","1.42","1.13","0.95","0.95"
"Ocean","Jackson","12","4","64","45","31","18","14","0.11","0.08","0.05","0.03","0.02","2,596","2,385","2,103","2,081","1,839","4.63","4.23","3.73","3.67","3.22"
"Warren","Greenwich","23","7","9","11","1","-","5","0.16","0.2","0.02","-","0.09","199","196","164","149","185","3.55","3.52","2.95","2.7","3.34"
"Union","Fanwood","22","12","4","2","3","1","2","0.05","0.03","0.04","0.01","0.03","91","66","72","67","38","1.21","0.86","0.94","0.87","0.49"
"Ocean","Island Heights","10","3","-","1","-","-","-","-","0.06","-","-","-","48","39","40","33","25","2.86","2.3","2.4","2","1.5"
"Warren","Alpha","23","7","7","9","3","-","1","0.3","0.39","0.13","-","0.04","146","149","137","110","125","6.28","6.44","5.95","4.79","5.44"
"Warren","Blairstown","24","5","9","7","-","4","1","0.15","0.12","-","0.07","0.02","176","188","172","169","151","3","3.22","2.96","2.92","2.6"
"Ocean","Bay Head","10","4","-","-","5","-","-","-","-","0.51","-","-","21","18","21","14","16","2.12","1.8","2.16","1.43","1.63"
"Gloucester","Harrison Twp","5","2","51","32","22","18","12","0.4","0.25","0.17","0.14","0.09","915","886","758","609","592","7.19","6.91","5.84","4.69","4.55"
"Mercer","Hopewell Twp","15","12","-","-","-","1","-","-","-","-","0.01","-","30","31","24","21","18","0.16","0.17","0.13","0.11","0.1"
"Gloucester","Greenwich","3","1","15","19","15","11","6","0.31","0.39","0.31","0.23","0.12","433","427","428","366","303","8.89","8.82","8.81","7.54","6.25"
"Ocean","Beach Haven","9","2","-","1","1","-","-","-","0.08","0.09","-","-","69","84","77","51","29","5.86","7.12","6.57","4.35","2.45"
"Mercer","Hopewell","15","12","2","-","-","10","-","0.1","-","-","0.52","-","21","29","40","29","24","1.09","1.51","2.07","1.51","1.23"
"Mercer","Hamilton","14","4","150","119","83","59","59","0.17","0.13","0.09","0.07","0.07","3,526","3,186","2,937","2,555","2,440","3.97","3.57","3.3","2.89","2.74"
"Gloucester","Franklin Twp","3","2","22","27","26","26","23","0.13","0.16","0.16","0.16","0.14","986","976","895","816","699","5.89","5.84","5.37","4.93","4.24"
"Mercer","East Windsor","14","12","27","19","13","9","10","0.1","0.07","0.05","0.03","0.04","815","784","793","714","695","2.96","2.85","2.87","2.6","2.51"
"Gloucester","East Greenwich","3","1, 2","10","6","6","11","9","0.1","0.06","0.06","0.11","0.09","319","285","252","199","184","3.13","2.77","2.43","1.91","1.75"
"Ocean","Eagleswood","9","2","10","14","8","6","1","0.62","0.87","0.5","0.37","0.06","204","218","206","221","175","12.58","13.48","12.82","13.78","10.86"
"Ocean","Harvey Cedars","9","2","-","-","-","-","-","-","-","-","-","-","14","8","13","11","12","4.08","2.33","3.81","3.24","3.51"
"Ocean","Beachwood","9","3","20","14","13","6","2","0.18","0.12","0.12","0.05","0.02","713","684","663","573","455","6.38","6.08","5.91","5.12","4.05"
"Ocean","Brick","10","3","110","113","89","55","44","0.15","0.15","0.12","0.07","0.06","3,982","4,018","3,742","3,295","2,949","5.25","5.29","4.99","4.39","3.91"
"Gloucester","Mantua","5","2","36","23","15","25","20","0.24","0.15","0.1","0.17","0.13","915","993","951","900","976","6.06","6.55","6.32","5.96","6.5"
"Essex","Orange","34","10","290","256","161","94","100","0.95","0.83","0.53","0.31","0.32","6,163","6,272","6,265","5,972","5,484","20.25","20.28","20.5","19.53","17.8"
"Middlesex","Dunellen","22","12","19","13","11","13","8","0.26","0.18","0.15","0.18","0.11","464","456","458","471","402","6.32","6.15","6.16","6.39","5.43"
"Middlesex","Cranbury","14","12","8","3","3","8","3","0.2","0.08","0.08","0.2","0.08","111","100","89","67","107","2.84","2.54","2.25","1.7","2.71"
"Mercer","West Windsor","15","12","1","1","2","-","1","0","0","0.01","-","0","143","139","114","107","116","0.5","0.49","0.4","0.38","0.41"
"Gloucester","Deptford","5","1","61","63","45","39","35","0.2","0.21","0.15","0.13","0.11","1,463","1,425","1,364","1,229","1,108","4.78","4.67","4.46","4.01","3.62"
"Essex","West Orange","27","10, 11","89","64","48","22","37","0.19","0.14","0.1","0.05","0.08","2,237","2,294","2,418","2,234","2,076","4.79","4.88","5.1","4.73","4.29"
"Mercer","Robbinsville","14","4","-","-","-","-","4","-","-","-","-","0.03","73","73","73","60","78","0.52","0.52","0.51","0.42","0.53"
"Essex","West Caldwell","26","11","3","-","1","2","1","0.03","-","0.01","0.02","0.01","132","129","127","128","118","1.21","1.17","1.15","1.17","1.07"
"Essex","South Orange","27","10","10","15","7","3","6","0.06","0.09","0.04","0.02","0.04","302","332","295","269","249","1.86","2.03","1.8","1.65","1.46"
"Mercer","Pennington","15","12","3","3","3","4","1","0.12","0.12","0.12","0.16","0.04","79","73","96","97","83","3.05","2.83","3.7","3.78","3.21"
"Warren","Pohatcong","23","7","6","5","1","2","2","0.18","0.15","0.03","0.06","0.06","71","80","122","79","80","2.16","2.45","3.76","2.44","2.48"
"Warren","Washington","23","5","22","20","17","16","16","0.34","0.31","0.26","0.25","0.25","766","786","687","638","626","11.86","12.16","10.57","9.83","9.6"
"Warren","White","24","5","2","0","-","-","-","0.04","0","-","-","-","102","80","83","69","53","2.13","1.68","1.75","1.46","1.12"
"Morris","Chatham","21","11","-","-","1","-","-","-","-","0.01","-","-","74","88","84","71","56","0.82","0.98","0.93","0.79","0.63"
"Gloucester","Woodbury","5","1","127","101","72","72","70","1.26","1.01","0.72","0.72","0.71","2,111","2,190","2,148","1,943","1,738","20.95","21.87","21.44","19.5","17.52"
"Morris","Chatham Twp","27","11","-","-","-","2","-","-","-","-","0.02","-","51","48","58","55","40","0.48","0.45","0.55","0.53","0.38"
"Hudson","West New York","32","8","228","202","194","132","96","0.44","0.38","0.36","0.25","0.18","10,311","10,563","10,378","9,690","8,668","19.78","20.08","19.45","18.17","15.98"
"Morris","Chester Twp","25","7","-","-","-","-","-","-","-","-","-","-","28","33","37","30","22","0.35","0.42","0.46","0.38","0.28"
"Morris","Denville","25","11","1","4","5","7","2","0.01","0.02","0.03","0.04","0.01","309","321","296","285","261","1.83","1.91","1.76","1.7","1.54"
"Hunterdon","Milford","23","7","1","2","-","-","2","0.08","0.17","-","-","0.17","116","112","94","101","103","9.54","9.25","7.81","8.49","8.66"
"Morris","East Hanover","27","11","6","7","2","1","-","0.05","0.06","0.02","0.01","-","200","244","207","169","159","1.77","2.16","1.84","1.51","1.42"
"Ocean","Point Pleasant","30","3, 4","11","8","8","4","2","0.06","0.04","0.04","0.02","0.01","498","444","229","272","225","2.69","2.38","1.24","1.47","1.21"
"Cumberland","Downe","1","2","6","8","6","2","2","0.38","0.52","0.39","0.13","0.13","136","143","133","111","97","8.68","9.21","8.76","7.27","6.36"
"Morris","Hanover","27","11","2","6","5","8","6","0.01","0.04","0.03","0.05","0.04","244","279","265","246","262","1.72","1.9","1.84","1.68","1.79"
"Ocean","Plumsted","12","4","6","5","6","2","5","0.07","0.06","0.07","0.02","0.06","319","286","288","228","204","3.74","3.33","3.38","2.67","2.39"
"Essex","Essex Fells","27","11","-","-","-","-","-","-","-","-","-","-","28","27","31","43","31","1.32","1.29","1.44","2.02","1.45"
"Morris","Harding","27","11","-","-","-","-","1","-","-","-","-","0.03","4","4","7","2","6","0.1","0.1","0.18","0.05","0.15"
"Gloucester","Elk","3","2","11","7","4","10","8","0.26","0.17","0.1","0.24","0.19","270","235","150","145","174","6.35","5.55","3.61","3.51","4.17"
"Ocean","Point Pleasant Beach","10","4","3","8","3","3","6","0.06","0.17","0.07","0.07","0.13","280","292","348","223","199","6.03","6.29","7.64","4.91","4.38"
"Gloucester","Pitman","4","2","16","17","16","13","19","0.18","0.19","0.18","0.15","0.21","583","555","492","423","421","6.52","6.24","5.53","4.77","4.76"
"Camden","Audubon Park","5","1","-","-","1","1","1","-","-","0.1","0.1","0.1","45","49","43","50","67","4.42","4.86","4.25","4.95","6.62"
"Camden","Lawnside","5","1","21","27","15","11","20","0.72","0.93","0.51","0.38","0.68","536","562","522","445","473","18.29","19.32","17.88","15.24","16.2"
"Cape May","Cape May","1","2","7","4","6","6","3","0.2","0.11","0.17","0.17","0.09","273","222","217","225","227","7.67","6.28","6.18","6.43","6.52"
"Hudson","Weehawken","33","8","25","16","19","12","11","0.19","0.12","0.14","0.08","0.07","985","1,041","973","923","879","7.37","7.51","6.93","6.1","5.73"
"Middlesex","Jamesburg","14","12","13","13","15","9","9","0.22","0.22","0.25","0.15","0.15","603","609","593","595","544","10.06","10.11","9.84","9.85","8.97"
"Hudson","Union City","33","8","454","395","292","208","139","0.67","0.58","0.42","0.3","0.2","15,983","16,652","16,097","14,700","13,486","23.42","24.25","23.28","21.21","19.16"
"Middlesex","Helmetta","18","12","3","5","6","3","3","0.14","0.23","0.27","0.14","0.13","123","121","96","75","88","5.57","5.46","4.3","3.39","3.96"
"Ocean","Lavallette","10","3","1","-","1","-","-","0.05","-","0.06","-","-","87","100","165","455","348","4.66","5.46","9.13","24.84","18.82"
"Hunterdon","Bloomsbury","23","7","2","-","-","-","-","0.23","-","-","-","-","69","55","49","42","40","8.03","6.43","5.78","4.97","4.73"
"Ocean","Little Egg Harbor","9","2","99","70","49","34","24","0.49","0.34","0.24","0.16","0.11","1,671","1,776","1,730","1,402","1,210","8.21","8.71","8.39","6.73","5.71"
"Middlesex","Milltown","17","12","3","4","4","4","7","0.04","0.06","0.06","0.06","0.1","214","194","198","164","153","3.06","2.76","2.81","2.3","2.14"
"Hunterdon","Alexandria","23","7","-","-","2","1","-","-","-","0.04","0.02","-","30","29","41","45","43","0.61","0.59","0.84","0.94","0.89"
"Ocean","Long Beach","9","2","4","-","-","-","-","0.13","-","-","-","-","57","52","45","51","35","1.86","1.7","1.49","1.67","1.14"
"Middlesex","Metuchen","18","6","11","13","12","13","6","0.08","0.09","0.09","0.09","0.04","517","528","549","573","482","3.76","3.82","3.95","4.13","3.36"
"Ocean","Manchester","10","4","34","39","31","15","20","0.08","0.09","0.07","0.03","0.05","2,117","2,189","2,032","1,817","1,761","4.88","5.03","4.67","4.17","4.06"
"Ocean","Mantoloking","10","3","-","-","-","6","-","-","-","-","2.39","-","7","10","10","12","19","2.68","3.88","3.95","4.78","7.39"
"Middlesex","Edison","18","6","106","94","63","49","51","0.1","0.09","0.06","0.05","0.05","4,183","4,377","4,618","4,440","4,163","4.12","4.29","4.5","4.35","4.06"
"Ocean","Ocean Twp","9","3","35","23","21","-","7","0.4","0.27","0.24","-","0.08","533","525","499","411","358","6.16","6.06","5.64","4.56","3.96"
"Ocean","Pine Beach","9","3","4","4","6","4","2","0.19","0.18","0.28","0.19","0.09","128","118","129","93","91","5.93","5.45","6","4.32","4.2"
"Middlesex","Sayreville","19","6","21","26","17","13","2","0.05","0.06","0.04","0.03","0","1,163","1,268","1,355","1,262","1,117","2.62","2.8","3.02","2.81","2.46"
"Hudson","East Newark","32","8","9","9","5","8","7","0.34","0.32","0.19","0.29","0.26","525","501","516","479","522","19.89","17.67","19.36","17.39","19.09"
"Gloucester","Woolwich","3","2","4","10","4","2","1","0.04","0.08","0.03","0.02","0.01","158","164","136","115","108","1.4","1.39","1.11","0.93","0.87"
"Hudson","Hoboken","33","8","71","75","52","45","31","0.14","0.14","0.1","0.08","0.06","2,703","2,716","2,654","2,430","2,307","5.14","5.09","4.95","4.47","4.18"
"Middlesex","North Brunswick","17","12","55","70","51","31","25","0.13","0.16","0.12","0.07","0.06","2,606","2,828","2,829","2,874","2,663","6.17","6.66","6.62","6.77","6.25"
"Hudson","Guttenberg","32","8","50","31","27","21","19","0.44","0.27","0.23","0.18","0.16","1,527","1,586","1,629","1,468","1,323","13.36","13.81","13.96","12.64","11.31"
"Middlesex","Monroe","14","12","12","8","11","13","-","0.03","0.02","0.02","0.03","-","647","851","830","841","788","1.55","1.99","1.88","1.89","1.74"
"Middlesex","Piscataway","17","6","66","52","37","24","18","0.11","0.09","0.06","0.04","0.03","2,270","2,407","2,485","2,306","2,280","3.89","4.08","4.28","4","3.94"
"Hudson","North Bergen","32","8","220","159","146","113","99","0.35","0.25","0.23","0.18","0.16","9,019","9,406","9,070","8,454","7,650","14.47","15.03","14.4","13.44","12.02"
"Middlesex","Perth Amboy","19","6","291","270","194","160","109","0.56","0.52","0.37","0.3","0.21","11,479","12,265","12,733","12,427","11,627","22.08","23.44","24.17","23.67","22.01"
"Hudson","Kearny","32","8, 9","142","122","81","83","52","0.34","0.29","0.19","0.2","0.12","4,184","4,472","4,394","3,957","3,554","10.04","10.69","10.43","9.39","8.33"
"Morris","Mendham Twp","25","11","-","-","-","-","-","-","-","-","-","-","26","26","185","44","23","0.44","0.44","3.15","0.75","0.39"
"Morris","Morris Plains","26","11","9","5","4","2","2","0.16","0.09","0.07","0.04","0.04","325","324","31","328","310","5.66","5.65","0.55","5.86","5.55"
"Morris","Florham Park","27","11","-","2","2","1","1","-","0.02","0.02","0.01","0.01","117","108","145","107","114","0.99","0.91","1.23","0.91","0.97"
"Morris","Long Hill","21","7","-","1","1","-","1","-","0.01","0.01","-","0.01","129","130","281","116","114","1.46","1.48","3.2","1.33","1.31"
"Morris","Chester","25","7","-","-","-","-","-","-","-","-","-","-","54","61","68","52","35","3.22","3.64","4.06","3.12","2.1"
"Morris","Dover","25","7","55","46","35","15","18","0.3","0.25","0.19","0.08","0.1","2,445","2,660","2,482","2,185","2,195","13.31","14.53","13.53","11.97","12.04"
"Morris","Boonton","25","11","11","5","3","3","5","0.13","0.06","0.04","0.04","0.06","445","493","462","437","423","5.28","5.86","5.47","5.21","5.06"
"Morris","Butler","26","11","4","2","1","7","6","0.05","0.03","0.01","0.09","0.08","351","367","362","370","364","4.61","4.77","4.7","4.76","4.68"
"Morris","Mount Arlington","25","7","3","11","9","3","5","0.06","0.21","0.17","0.05","0.09","117","113","950","102","108","2.27","2.17","17.92","1.87","1.84"
"Morris","Mountain Lakes","25","11","-","-","2","-","-","-","-","0.05","-","-","28","29","247","22","11","0.66","0.68","5.76","0.51","0.25"
"Atlantic","Estell Manor","1","2","10","12","21","13","9","0.58","0.69","1.21","0.76","0.52","177","193","207","170","161","10.19","11.12","11.96","9.9","9.36"
"Atlantic","Galloway","9","2","100","98","85","75","67","0.27","0.26","0.23","0.2","0.18","2,575","2,888","2,852","2,629","2,456","6.84","7.68","7.65","7.15","6.72"
"Hunterdon","Flemington","16","7","20","21","15","12","11","0.44","0.45","0.32","0.26","0.24","832","848","832","781","755","18.33","18.11","17.93","16.9","16.34"
"Atlantic","Egg Harbor Twp","2","2","165","194","121","-","89","0.38","0.44","0.28","-","0.21","4,057","4,726","4,508","4,179","3,903","9.25","10.78","10.27","9.61","9.01"
"Hunterdon","Clinton Twp","23","7","6","1","-","-","-","0.05","0.01","-","-","-","169","157","167","166","139","1.27","1.19","1.28","1.29","1.08"
"Hunterdon","East Amwell","15","7","1","-","-","-","-","0.03","-","-","-","-","89","76","63","45","35","2.24","1.92","1.61","1.15","0.89"
"Hunterdon","Califon","23","7","-","-","-","-","-","-","-","-","-","-","22","31","31","25","32","2.08","2.85","2.87","2.36","3"
"Atlantic","Margate","2","2","13","9","12","7","6","0.2","0.14","0.19","0.11","0.1","240","265","276","237","207","3.78","4.18","4.43","3.86","3.4"
"Atlantic","Hammonton","8","2","85","71","57","63","55","0.57","0.48","0.39","0.44","0.38","1,709","1,729","1,632","1,512","1,384","11.55","11.71","11.16","10.48","9.63"
"Atlantic","Linwood","2","2","4","6","3","3","-","0.06","0.09","0.04","0.04","-","148","141","145","135","138","2.09","2","2.08","1.96","2.01"
"Union","Scotch Plains","22","7, 12","9","7","5","1","5","0.04","0.03","0.02","0","0.02","331","381","388","358","316","1.38","1.58","1.61","1.48","1.28"
"Union","Summit","21","7","4","9","4","3","6","0.02","0.04","0.02","0.01","0.03","466","438","414","356","308","2.12","1.98","1.88","1.62","1.38"
"Warren","Belvidere","24","5","8","10","3","3","4","0.3","0.38","0.12","0.12","0.15","313","383","329","310","324","11.89","14.64","12.62","11.91","12.45"
"Union","Kenilworth","21","7","8","11","5","4","-","0.1","0.13","0.06","0.05","-","218","248","261","261","231","2.69","3.04","3.18","3.19","2.78"
"Warren","Franklin Twp","23","7","-","-","2","-","-","-","-","0.06","-","-","53","50","54","39","40","1.69","1.61","1.74","1.26","1.29"
"Morris","Roxbury","25","7","19","24","14","14","11","0.08","0.1","0.06","0.06","0.05","691","716","719","663","614","2.93","3.04","3.06","2.84","2.63"
"Union","New Providence","21","7","1","3","16","-","-","0.01","0.02","0.13","-","-","89","103","90","108","87","0.72","0.83","0.72","0.85","0.65"
"Union","Hillside","20","10","48","47","34","20","15","0.22","0.21","0.15","0.09","0.07","1,310","1,592","1,646","1,457","1,345","6.01","7.26","7.49","6.64","6.04"
"Union","Linden","22","10","98","81","59","45","33","0.24","0.19","0.14","0.11","0.08","3,150","3,506","3,541","3,223","2,931","7.63","8.42","8.43","7.59","6.81"
"Union","Roselle","20","10","55","59","38","62","56","0.26","0.27","0.18","0.29","0.25","1,989","2,290","2,224","2,115","2,087","9.27","10.63","10.26","9.78","9.5"
"Union","Mountainside","21","7","3","2","2","-","-","0.04","0.03","0.03","-","-","28","38","34","39","32","0.41","0.56","0.49","0.57","0.46"
"Union","Rahway","22","10","91","88","89","47","45","0.32","0.31","0.3","0.16","0.15","2,400","2,508","2,412","2,211","1,933","8.45","8.79","8.17","7.51","6.42"
"Union","Plainfield","22","12","337","269","215","139","104","0.67","0.53","0.42","0.27","0.2","9,648","9,992","9,371","8,572","7,459","19.07","19.61","18.3","16.93","14.53"
"Union","Springfield","21","7","6","3","7","4","3","0.04","0.02","0.04","0.02","0.02","273","288","303","291","287","1.62","1.68","1.73","1.67","1.62"
"Union","Roselle Park","21","10","13","10","8","6","10","0.1","0.07","0.06","0.04","0.07","558","604","576","541","469","4.13","4.44","4.21","3.97","3.39"
"Union","Westfield","21","7","10","8","5","4","6","0.03","0.03","0.02","0.01","0.02","464","509","418","369","348","1.5","1.65","1.37","1.22","1.14"
"Union","Union Twp","20","7, 10","48","31","23","16","19","0.08","0.05","0.04","0.03","0.03","1,928","2,312","2,237","2,096","1,939","3.35","4","3.85","3.58","3.27"
"Warren","Hackettstown","23","5","26","19","12","10","14","0.27","0.2","0.13","0.1","0.15","866","964","885","849","848","9.01","10.09","9.24","8.89","8.88"
"Warren","Allamuchy","24","5","2","-","-","-","-","0.04","-","-","-","-","46","32","28","17","20","1.02","0.7","0.61","0.37","0.43"
"Atlantic","Weymouth","1","2","1","-","-","-","1","0.04","-","-","-","0.04","79","68","71","69","82","2.91","2.51","2.57","2.47","2.91"
"Bergen","Alpine","37","5","1","1","2","-","-","0.05","0.05","0.1","-","-","70","90","70","53","34","3.69","4.75","3.65","2.84","1.8"
"Bergen","Bergenfield","38","5","38","23","15","16","15","0.14","0.08","0.05","0.06","0.05","1,177","1,328","1,383","1,357","1,206","4.33","4.85","5.01","4.91","4.32"
"Bergen","Carlstadt","36","9","7","5","10","7","4","0.11","0.08","0.16","0.11","0.06","224","254","269","239","222","3.6","4.07","4.28","3.82","3.52"
"Atlantic","Mullica","2","2","3","4","11","9","10","0.05","0.06","0.18","0.15","0.17","108","107","132","131","117","1.75","1.74","2.16","2.17","1.94"
"Atlantic","Pleasantville","2","2","324","305","228","201","157","1.58","1.49","1.1","0.98","0.76","5,242","5,793","5,813","5,366","5,065","25.55","28.3","28.01","26.19","24.43"
"Atlantic","Port Republic","9","2","-","-","3","-","-","-","-","0.27","-","-","36","39","43","37","48","3.21","3.48","3.91","3.41","4.44"
"Atlantic","Ventnor","2","2","42","39","45","36","22","0.4","0.37","0.43","0.35","0.21","1,240","1,382","1,255","1,078","977","11.67","13.04","11.97","10.45","9.54"
"Morris","Pequannock","40","11","2","2","-","-","1","0.01","0.01","-","-","0.01","227","221","219","192","195","1.45","1.42","1.41","1.24","1.27"
"Bergen","Closter","39","5","-","-","1","-","-","-","-","0.01","-","-","89","110","112","105","101","1.04","1.28","1.29","1.21","1.15"
"Bergen","Cresskill","37","9","-","-","-","-","-","-","-","-","-","-","54","80","76","79","68","0.62","0.91","0.86","0.9","0.76"
"Warren","Mansfield","23","5","5","10","1","5","3","0.07","0.13","0.01","0.07","0.04","328","283","260","256","230","4.32","3.76","3.47","3.43","3.08"
"Warren","Oxford","24","5","11","18","7","8","8","0.44","0.73","0.28","0.33","0.33","203","208","176","144","156","8.19","8.43","7.16","5.86","6.36"
"Warren","Knowlton","24","5","6","8","-","-","-","0.2","0.27","-","-","-","138","115","133","88","92","4.58","3.84","4.46","2.97","3.1"
"Warren","Lopatcong","23","7","4","6","3","2","2","0.05","0.07","0.04","0.02","0.02","195","135","109","69","69","2.42","1.67","1.32","0.83","0.83"
"Atlantic","Buena","2","2","31","26","26","28","40","0.67","0.56","0.57","0.63","0.9","726","752","745","627","612","15.69","16.31","16.43","14.07","13.82"
"Atlantic","Buena Vista","2","2","41","37","31","26","25","0.54","0.49","0.41","0.35","0.34","619","633","653","575","536","8.15","8.34","8.7","7.71","7.22"
"Atlantic","Absecon","2","2","59","57","50","45","45","0.7","0.68","0.6","0.54","0.54","1,262","1,476","1,352","1,257","1,219","15.02","17.62","16.26","15.15","14.72"
"Atlantic","Atlantic City","2","2","935","924","774","610","529","2.36","2.34","1.97","1.57","1.38","16,510","17,984","17,461","15,698","14,933","41.74","45.63","44.48","40.53","38.86"
"Bergen","Dumont","39","5","5","11","5","3","-","0.03","0.06","0.03","0.02","-","528","555","526","549","518","2.97","3.11","2.92","3.07","2.88"
"Bergen","Englewood","37","9","70","68","56","30","1","0.25","0.25","0.2","0.11","0","2,070","2,332","2,348","2,187","1,958","7.52","8.43","8.23","7.69","6.73"
"Bergen","Englewood Cliffs","37","9","-","-","2","-","-","-","-","0.04","-","-","47","47","52","51","72","0.88","0.87","0.96","0.94","1.32"
"Bergen","East Rutherford","36","9","13","13","8","14","4","0.13","0.13","0.09","0.14","0.04","509","566","606","570","550","5.23","5.78","6.61","5.78","5.54"
"Bergen","Elmwood Park","35","9","48","36","19","15","8","0.24","0.18","0.09","0.07","0.04","1,326","1,413","1,457","1,346","1,148","6.6","6.94","7.18","6.63","5.62"
"Bergen","Garfield","35","9","127","128","109","70","42","0.41","0.41","0.34","0.22","0.13","3,558","4,025","4,011","3,815","3,304","11.4","12.78","12.61","11.97","10.2"
"Bergen","Hackensack","37","5","154","128","113","61","47","0.35","0.29","0.25","0.14","0.1","4,369","4,909","5,032","4,814","4,121","9.9","11.03","11.22","10.76","9.11"
"Monmouth","Roosevelt","12","4","4","-","-","-","-","0.46","-","-","-","-","24","28","32","15","14","2.75","3.21","3.67","1.76","1.64"
"Bergen","Fairview","32","8","22","24","20","15","11","0.15","0.17","0.14","0.1","0.08","1,515","1,708","1,700","1,724","1,471","10.64","11.93","11.76","11.95","10.12"
"Monmouth","Sea Bright","13","6","-","-","1","-","1","-","-","0.07","-","0.07","27","41","18","28","23","1.99","3.04","1.34","2.02","1.66"
"Bergen","Franklin Lakes","40","5","-","-","-","1","-","-","-","-","0.01","-","60","64","64","90","82","0.56","0.59","0.59","0.83","0.73"
"Monmouth","Ocean Twp","11","4","37","18","5","8","16","0.14","0.07","0.02","0.03","0.06","1,298","1,427","174","1,297","1,200","4.76","5.25","0.64","4.85","4.45"
"Monmouth","Red Bank","11","4","22","13","5","9","5","0.18","0.1","0.04","0.07","0.04","1,283","1,460","24","1,444","1,285","10.51","11.73","0.2","11.88","10.58"
"Bergen","Harrington Park","39","5","2","2","2","1","-","0.04","0.04","0.04","0.02","-","30","37","43","32","19","0.63","0.77","0.89","0.67","0.39"
"Monmouth","Monmouth Beach","13","6","-","-","-","-","-","-","-","-","-","-","19","26","782","39","28","0.58","0.8","24.14","1.21","0.87"
"Monmouth","Neptune City","11","4","26","21","15","52","16","0.54","0.44","0.31","1.1","0.34","771","818","3,461","755","697","15.93","16.95","72.06","15.94","14.8"
"Warren","Independence","24","5","6","4","2","2","-","0.11","0.07","0.04","0.04","-","145","138","120","112","114","2.6","2.49","2.17","2.03","2.07"
"Monmouth","Marlboro","13","6","9","4","3","-","3","0.02","0.01","0.01","-","0.01","551","617","695","522","522","1.37","1.5","1.71","1.29","1.3"
"Warren","Hope","24","5","1","-","2","-","-","0.05","-","0.1","-","-","17","10","19","10","12","0.88","0.52","0.99","0.53","0.63"
"Monmouth","Middletown","13","4, 6","34","26","13","12","14","0.05","0.04","0.02","0.02","0.02","1,457","1,750","120","1,329","1,295","2.2","2.65","0.18","2.03","1.97"
"Monmouth","Long Branch","11","6","100","89","58","34","25","0.33","0.29","0.19","0.11","0.08","4,096","4,635","840","4,208","3,725","13.48","15.19","2.71","13.68","12.11"
"Monmouth","Manasquan","30","4","5","6","-","-","2","0.09","0.1","-","-","0.03","199","218","593","185","172","3.46","3.78","10.2","3.18","2.91"
"Atlantic","Hamilton","2","2","161","169","133","99","96","0.6","0.63","0.5","0.37","0.36","3,280","3,704","3,515","3,067","2,795","12.26","13.9","13.12","11.57","10.58"
"Atlantic","Longport","2","2","-","-","-","-","-","-","-","-","-","-","12","16","15","21","6","1.36","1.82","1.69","2.41","0.68"
"Atlantic","Somers Point","2","2","83","97","55","37","41","0.77","0.9","0.51","0.35","0.39","1,518","1,652","1,575","1,378","1,214","14.08","15.36","14.74","13.07","11.58"
"Monmouth","Sea Girt","30","4","-","-","-","-","-","-","-","-","-","-","13","15","12","19","19","0.72","0.83","0.66","1.06","1.07"
"Bergen","Allendale","40","5","-","1","1","1","1","-","0.01","0.01","0.01","0.01","34","38","44","46","55","0.51","0.56","0.64","0.67","0.8"
"Bergen","Bogota","37","5","28","22","12","7","8","0.34","0.26","0.14","0.08","0.09","471","552","546","470","428","5.69","6.63","6.5","5.52","5"
"Bergen","Cliffside Park","36","9","61","39","30","22","5","0.24","0.15","0.12","0.09","0.02","1,782","2,030","2,128","2,006","1,826","7.07","7.96","8.56","8.07","7.26"
"Bergen","Demarest","39","5","-","-","-","-","-","-","-","-","-","-","30","31","41","34","24","0.61","0.62","0.81","0.68","0.48"
"Bergen","Ho-Ho-Kus","40","5","-","-","-","-","-","-","-","-","-","-","13","14","18","22","25","0.32","0.34","0.43","0.53","0.6"
"Bergen","Haworth","39","5","-","-","-","-","-","-","-","-","-","-","13","13","22","10","14","0.38","0.38","0.63","0.29","0.4"
"Bergen","Leonia","37","9","3","2","3","2","3","0.03","0.02","0.03","0.02","0.03","239","272","279","308","320","2.63","2.98","3.03","3.35","3.45"
"Bergen","Lodi","38","5","72","87","46","41","23","0.29","0.35","0.19","0.17","0.09","2,202","2,402","2,473","2,292","2,078","8.98","9.74","9.96","9.25","8.32"
"Bergen","Lyndhurst","36","9","27","27","22","12","6","0.13","0.12","0.1","0.05","0.03","866","1,077","1,067","1,031","891","4.06","4.88","4.79","4.64","3.97"
"Bergen","Maywood","38","5","12","13","6","9","2","0.12","0.13","0.06","0.09","0.02","432","459","453","424","391","4.46","4.71","4.62","4.33","3.97"
"Bergen","Midland Park","40","5","1","2","2","1","-","0.01","0.03","0.03","0.01","-","111","125","126","119","97","1.53","1.71","1.72","1.63","1.31"
"Bergen","Moonachie","36","9","10","7","5","7","1","0.36","0.25","0.18","0.25","0.04","258","294","321","246","253","9.36","10.56","11.51","8.82","9.04"
"Bergen","New Milford","38","5","7","1","2","2","3","0.04","0.01","0.01","0.01","0.02","387","493","473","456","428","2.34","2.96","2.82","2.72","2.54"
"Bergen","Northvale","37","5","-","-","-","2","1","-","-","-","0.04","0.02","59","84","99","109","88","1.24","1.76","2.04","2.21","1.77"
"Monmouth","West Long Branch","11","6","-","3","3","-","-","-","0.04","0.04","-","-","144","159","142","109","93","1.69","1.9","1.78","1.37","1.17"
"Morris","Boonton Twp","25","11","4","2","-","-","-","0.09","0.05","-","-","-","174","212","175","165","176","4","4.87","4.01","3.78","4.05"
"Mercer","Princeton (as of 1/1/2013)","16","12","11","16","12","-","-","0.04","0.05","0.04","-","-","621","0","548","502","454","2.14","0","1.85","1.61","1.43"
"Monmouth","Shrewsbury Twp","11","4","-","-","1","-","-","-","-","0.09","-","-","36","42","31","35","24","3.2","3.75","2.76","3.47","2.38"
"Atlantic","Corbin City","1","2","-","-","-","49","-","-","-","-","9.82","-","48","39","36","44","54","9.74","7.89","7.32","8.82","10.8"
"Monmouth","Spring Lake Heights","30","4","-","-","-","-","-","-","-","-","-","-","61","122","108","66","43","1.3","2.62","2.32","1.43","0.93"
"Monmouth","Union Beach","13","6","9","6","8","1","2","0.16","0.11","0.14","0.02","0.04","401","454","399","334","326","6.91","7.96","7.13","5.98","5.86"
"Atlantic","Folsom","2","2","5","2","4","4","7","0.27","0.11","0.22","0.22","0.39","39","50","36","39","31","2.08","2.67","1.94","2.14","1.71"
"Monmouth","Upper Freehold","12","4","1","1","-","-","-","0.01","0.01","-","-","-","38","48","39","23","34","0.55","0.7","0.57","0.33","0.49"
"Atlantic","Egg Harbor","2","2","75","94","59","113","57","1.77","2.2","1.39","2.69","1.37","1,525","1,659","1,664","1,452","1,380","35.92","38.91","39.25","34.63","33.06"
"Passaic","Pompton Lakes","40","11","8","11","10","7","4","0.07","0.1","0.09","0.06","0.04","605","553","547","522","482","5.43","4.95","4.88","4.69","4.3"
"Passaic","North Haledon","35","11","4","3","2","5","-","0.05","0.04","0.02","0.06","-","221","205","238","238","196","2.6","2.41","2.78","2.8","2.29"
"Passaic","Wayne","40","11","29","37","23","19","25","0.05","0.07","0.04","0.03","0.05","1,617","1,610","1,588","1,500","1,481","2.94","2.92","2.88","2.74","2.69"
"Passaic","Ringwood","39","5","3","2","4","-","-","0.02","0.02","0.03","-","-","336","345","331","319","283","2.72","2.79","2.66","2.57","2.27"
"Ocean","Surf City","9","2","2","-","1","-","-","0.17","-","0.08","-","-","26","22","43","30","15","2.15","1.81","3.57","2.55","1.26"
"Ocean","Seaside Heights","10","3","83","103","90","45","40","2.86","3.53","3.11","1.55","1.38","907","1,083","972","750","717","31.21","37.17","33.61","25.9","24.7"
"Passaic","Haledon","35","9","51","74","54","37","32","0.61","0.87","0.64","0.44","0.38","1,651","1,732","1,736","1,630","1,568","19.69","20.45","20.54","19.42","18.53"
"Passaic","Bloomingdale","39","11","21","21","26","23","20","0.27","0.26","0.32","0.28","0.24","590","659","702","715","656","7.62","8.06","8.55","8.75","7.96"
"Salem","Elmer","3","2","13","5","1","2","5","0.95","0.37","0.07","0.15","0.38","231","262","239","156","191","16.87","19.34","17.8","11.76","14.56"
"Salem","Mannington","3","2","2","-","1","-","-","0.11","-","0.06","-","-","45","54","40","19","10","2.52","3.04","2.29","1.09","0.58"
"Hunterdon","Lebanon Twp","23","7","-","-","-","-","-","-","-","-","-","-","60","44","62","50","46","0.92","0.68","0.97","0.82","0.75"
"Hunterdon","Raritan Twp","16","7","8","12","5","8","6","0.04","0.05","0.02","0.04","0.03","360","321","326","267","259","1.63","1.46","1.48","1.22","1.17"
"Hunterdon","Kingwood","23","7","-","2","-","-","-","-","0.05","-","-","-","52","65","37","32","29","1.36","1.71","0.98","0.85","0.77"
"Hunterdon","Lebanon","23","7","1","-","-","1","-","0.07","-","-","0.06","-","66","64","64","60","69","4.94","4.61","3.83","3.61","4.13"
"Hunterdon","West Amwell","15","7","3","-","-","-","-","0.11","-","-","-","-","20","17","9","9","3","0.71","0.61","0.32","0.33","0.11"
"Hunterdon","Readington","16","7","4","8","2","1","-","0.02","0.05","0.01","0.01","-","294","325","286","253","216","1.83","2.03","1.8","1.59","1.35"
"Hunterdon","Tewksbury","23","7","3","-","-","-","-","0.05","-","-","-","-","26","14","14","15","14","0.44","0.24","0.24","0.26","0.24"
"Hunterdon","Hampton Boro","23","7","4","-","-","-","-","0.29","-","-","-","-","149","139","140","114","100","10.78","10.12","10.29","8.57","7.51"
"Hunterdon","High Bridge","23","7","5","5","12","3","3","0.14","0.14","0.34","0.08","0.08","128","124","138","119","119","3.55","3.46","3.88","3.36","3.36"
"Hunterdon","Frenchtown","23","7","3","5","-","-","1","0.22","0.36","-","-","0.07","131","121","108","87","67","9.66","8.68","7.79","6.24","4.9"
"Camden","Tavistock","6","1","-","-","-","-","-","-","-","-","-","-","1","0","1","2","-","20","0","20","40","-"
"Camden","Winslow","4","1","231","226","218","196","192","0.59","0.58","0.56","0.5","0.49","3,707","4,315","4,099","4,102","4,041","9.47","11.09","10.51","10.43","10.35"
"Camden","Pine Hill","8","1","53","43","34","51","42","0.5","0.41","0.32","0.48","0.4","1,136","1,267","1,237","1,234","1,137","10.82","12.11","11.77","11.73","10.79"
"Camden","Somerdale","6","1","23","23","19","15","9","0.44","0.43","0.35","0.27","0.16","627","688","604","568","538","11.92","12.89","11.06","10.32","9.77"
"Cape May","Stone Harbor","1","2","-","1","-","-","-","-","0.12","-","-","-","12","36","23","19","14","1.42","4.27","2.75","2.28","1.7"
"Cape May","Lower Township","1","2","61","76","70","45","36","0.27","0.34","0.32","0.2","0.17","2,453","2,418","2,247","1,944","1,751","10.93","10.86","10.16","8.83","8.04"
"Cape May","Ocean City","1","2","16","8","13","7","11","0.14","0.07","0.11","0.06","0.1","738","794","727","642","580","6.44","6.98","6.4","5.66","5.18"
"Cumberland","Hopewell","1","2","-","-","1","1","1","-","-","0.02","0.02","0.02","12","9","23","14","5","0.27","0.2","0.52","0.31","0.11"
"Cumberland","Commercial","1","2","17","14","6","3","1","0.33","0.27","0.12","0.06","0.02","457","434","446","384","336","8.83","8.42","8.78","7.6","6.7"
"Cape May","Wildwood Crest","1","2","18","14","8","7","8","0.56","0.44","0.25","0.22","0.26","282","299","263","238","211","8.74","9.35","8.27","7.51","6.73"
"Cape May","West Cape May","1","2","2","-","-","-","-","0.2","-","-","-","-","67","66","51","48","32","6.57","6.5","5.02","4.72","3.15"
"Burlington","Springfield","8","3","1","-","-","-","-","0.03","-","-","-","-","31","41","45","35","28","0.91","1.21","1.34","1.06","0.85"
"Burlington","Westampton","8","3","47","64","56","28","37","0.54","0.73","0.64","0.32","0.42","1,034","1,275","1,168","833","728","11.78","14.59","13.39","9.49","8.31"
"Burlington","Woodland","8","3","1","1","-","1","-","0.06","0.06","-","0.06","-","47","54","41","41","34","2.62","3.01","2.29","2.31","1.92"
"Camden","Berlin","8","1","29","33","28","27","25","0.38","0.44","0.37","0.36","0.33","629","700","666","637","617","8.28","9.28","8.77","8.39","8.11"
"Camden","Brooklawn","5","1","11","11","8","8","5","0.57","0.57","0.41","0.41","0.26","247","322","251","251","237","12.71","16.69","12.98","12.99","12.25"
"Camden","Chesilhurst","4","1","8","12","5","10","7","0.49","0.74","0.31","0.61","0.43","171","207","192","207","183","10.45","12.73","11.75","12.65","11.17"
"Camden","Gibbsboro","6","1","4","5","5","5","4","0.18","0.22","0.22","0.22","0.18","66","81","78","87","57","2.92","3.62","3.48","3.87","2.54"
"Camden","Gloucester Twp","4","1","110","113","103","87","76","0.17","0.18","0.16","0.14","0.12","2,714","2,789","2,610","2,387","2,256","4.22","4.36","4.08","3.73","3.52"
"Camden","Haddonfield","6","1","17","8","5","5","4","0.15","0.07","0.04","0.04","0.03","245","259","229","225","213","2.13","2.27","2.01","1.97","1.86"
"Camden","Oaklyn","6","1","16","21","17","21","17","0.4","0.53","0.43","0.53","0.43","499","535","510","471","483","12.43","13.43","12.78","11.8","12.09"
"Camden","Magnolia","5","1","18","8","9","3","8","0.42","0.19","0.21","0.07","0.19","482","442","432","411","414","11.15","10.31","10.05","9.56","9.62"
"Burlington","Riverton","7","3","3","2","4","2","-","0.11","0.07","0.15","0.07","-","89","99","116","91","70","3.21","3.59","4.22","3.35","2.59"
"Burlington","Pemberton","8","3","36","23","26","13","15","2.59","1.66","1.88","0.95","1.12","475","417","407","367","296","34.12","30.09","29.43","26.95","22.09"
"Burlington","Riverside","7","3","30","25","35","26","29","0.37","0.31","0.44","0.33","0.37","1,023","1,023","1,016","851","726","12.7","12.76","12.7","10.74","9.19"
"Burlington","North Hanover","12","3","1","-","1","-","2","0.01","-","0.01","-","0.03","89","65","71","50","61","1.16","0.85","0.93","0.66","0.81"
"Burlington","Palmyra","7","1","29","31","21","8","8","0.39","0.42","0.29","0.11","0.11","515","570","561","464","395","7","7.77","7.67","6.41","5.47"
"Burlington","Mount Laurel","7","3","45","53","42","28","20","0.11","0.13","0.1","0.07","0.05","1,143","1,308","1,274","1,150","1,012","2.74","3.13","3.04","2.76","2.43"
"Burlington","New Hanover","12","3","-","1","1","-","-","-","0.01","0.01","-","-","40","34","32","34","32","0.5","0.47","0.4","0.42","0.43"
"Burlington","Medford","8","3","9","-","-","1","2","0.04","-","-","0","0.01","135","117","111","103","86","0.58","0.5","0.47","0.44","0.37"
"Burlington","Mount Holly","8","3","115","118","96","76","55","1.23","1.24","1.01","0.8","0.57","1,815","2,082","1,968","1,714","1,458","19.42","21.94","20.73","17.99","15.12"
"Burlington","Southampton","8","3","17","17","12","11","8","0.16","0.16","0.12","0.11","0.08","425","459","446","417","344","4.09","4.43","4.31","4.07","3.37"
"Burlington","Shamong","8","3","2","4","4","3","3","0.03","0.06","0.06","0.05","0.05","171","195","162","130","144","2.65","3.03","2.52","2.01","2.24"
"Burlington","Medford Lakes","8","3","21","17","12","15","10","0.51","0.41","0.29","0.37","0.25","342","302","330","272","223","8.27","7.35","8.08","6.71","5.56"
"Hunterdon","Union Twp","23","7","1","-","-","-","1","0.02","-","-","-","0.02","21","21","21","18","21","0.36","0.36","0.37","0.32","0.38"
"Hunterdon","Stockton","16","7","2","-","-","-","1","0.38","-","-","-","0.19","40","34","36","32","20","7.53","6.43","6.87","6.17","3.85"
"Hunterdon","Lambertville","15","7","3","1","1","-","1","0.08","0.03","0.03","-","0.03","229","239","251","218","183","5.93","6.2","6.55","5.72","4.79"
"Mercer","Lawrence","15","12","28","29","16","3","13","0.08","0.09","0.05","0.01","0.04","733","708","631","603","584","2.21","2.14","1.9","1.83","1.76"
"Mercer","Trenton","15","12","1,807","1,624","1,228","-","850","2.14","1.93","1.46","-","1","27,833","26,668","25,713","24,352","23,459","33","31.73","30.53","28.97","27.61"
"Mercer","Ewing","15","12","41","25","22","17","11","0.11","0.07","0.06","0.05","0.03","1,033","963","925","882","807","2.83","2.64","2.54","2.45","2.21"
"Mercer","Hightstown","14","12","6","8","6","8","4","0.11","0.14","0.11","0.15","0.07","406","372","355","346","272","7.29","6.68","6.43","6.29","5.05"
"Middlesex","Highland Park","18","6","15","7","11","18","13","0.1","0.05","0.08","0.13","0.09","727","846","776","844","755","5.06","5.86","5.41","5.95","5.33"
"Middlesex","Middlesex Borough","22","12","19","7","10","8","10","0.14","0.05","0.07","0.06","0.07","625","696","684","631","615","4.53","5.01","4.91","4.57","4.43"
"Middlesex","Carteret","19","6","84","65","51","49","45","0.35","0.27","0.21","0.2","0.19","2,687","2,842","2,969","2,893","2,710","11.2","11.79","12.28","12.06","11.25"
"Middlesex","East Brunswick","18","12","25","28","14","4","14","0.05","0.06","0.03","0.01","0.03","1,558","1,693","1,692","1,652","1,563","3.24","3.49","3.45","3.4","3.2"
"Hudson","Bayonne","31","8, 10","386","379","322","204","208","0.59","0.57","0.49","0.31","0.31","9,924","10,522","10,365","9,922","9,555","15.26","15.95","15.63","14.98","14.22"
"Gloucester","Woodbury Heights","3","1","5","4","6","6","9","0.17","0.13","0.2","0.2","0.3","208","219","178","159","150","6.89","7.28","5.91","5.29","5.01"
"Hudson","Jersey City","31, 33","8, 10","2,479","2,244","1,560","1,165","1,082","0.96","0.86","0.59","0.44","0.4","51,672","53,635","51,476","46,765","44,558","20.08","20.46","19.48","17.7","16.46"
"Hudson","Harrison","32","8","46","40","23","22","23","0.3","0.26","0.15","0.14","0.13","1,795","1,904","1,914","1,763","1,552","11.79","12.38","12.37","10.86","8.8"
"Hudson","Secaucus","32","9","30","25","24","20","19","0.16","0.14","0.13","0.1","0.09","1,292","1,317","1,166","1,158","1,108","7.06","7.15","6.1","5.84","5.48"
"Hunterdon","Bethlehem","23","7","5","1","-","-","-","0.13","0.03","-","-","-","29","36","25","27","15","0.74","0.92","0.64","0.7","0.39"
"Hunterdon","Clinton","23","7","1","-","1","-","-","0.04","-","0.04","-","-","48","64","47","38","34","1.78","2.38","1.77","1.41","1.26"
"Hunterdon","Delaware","16","7","5","-","-","-","-","0.11","-","-","-","-","35","25","28","29","27","0.77","0.55","0.62","0.65","0.6"
"Hunterdon","Franklin Twp","23","7","1","-","3","-","-","0.03","-","0.09","-","-","35","29","37","27","25","1.11","0.9","1.15","0.84","0.77"
"Hunterdon","Glen Gardner","23","7","2","7","4","-","1","0.12","0.42","0.24","-","0.05","140","139","140","131","135","8.31","8.29","8.42","6.84","7.02"
"Hunterdon","Holland","23","7","3","-","-","-","-","0.06","-","-","-","-","92","80","70","61","42","1.76","1.54","1.36","1.19","0.82"
"Gloucester","Paulsboro","3","1","98","83","53","44","38","1.63","1.39","0.88","0.74","0.64","1,667","1,619","1,512","1,317","1,188","27.68","27.02","25.25","22.1","20.07"
"Gloucester","Newfield","3","2","6","3","2","2","5","0.39","0.2","0.13","0.13","0.32","248","245","216","210","244","16.08","16","14.08","13.4","15.63"
"Gloucester","National Park","3","1","15","27","20","11","10","0.5","0.9","0.67","0.37","0.34","360","358","304","236","217","11.96","11.95","10.14","7.87","7.27"
"Gloucester","Monroe","4","1","120","126","107","75","59","0.33","0.34","0.29","0.2","0.16","3,182","3,090","2,949","2,582","2,513","8.66","8.27","8","7","6.81"
"Gloucester","Logan","3","1","12","15","8","3","3","0.2","0.25","0.13","0.05","0.05","233","221","225","229","213","3.87","3.7","3.76","3.84","3.58"
"Gloucester","West Deptford","3","1","72","63","53","37","31","0.33","0.29","0.25","0.17","0.15","1,508","1,527","1,368","1,141","1,133","7.01","7.14","6.39","5.34","5.33"
"Gloucester","Westville","5","1","41","46","31","18","26","0.96","1.09","0.73","0.43","0.62","1,513","1,518","1,298","1,051","1,021","35.6","35.94","30.73","24.96","24.34"
"Gloucester","Washington Twp","4","1","122","119","93","59","44","0.25","0.25","0.19","0.12","0.09","2,334","2,408","2,173","1,782","1,679","4.85","5.03","4.54","3.71","3.51"
"Gloucester","Wenonah","5","1","8","3","10","7","6","0.35","0.13","0.44","0.31","0.27","311","230","224","254","228","13.74","10.22","9.94","11.3","10.18"
"Gloucester","South Harrison","3","2","20","9","7","3","1","0.62","0.28","0.22","0.09","0.03","370","334","262","221","178","11.52","10.35","8.35","6.94","5.62"
"Gloucester","Swedesboro","3","2","10","10","15","5","3","0.38","0.38","0.57","0.19","0.12","460","405","388","386","375","17.49","15.44","14.85","14.83","14.46"
"Essex","Millburn","27","7","8","12","6","2","-","0.04","0.06","0.03","0.01","-","162","151","151","144","106","0.8","0.74","0.74","0.71","0.52"
"Essex","Irvington","28","10","771","617","451","284","238","1.42","1.13","0.83","0.52","0.43","12,523","12,489","12,305","11,199","10,421","23.1","22.91","22.54","20.58","18.99"
"Cumberland","Upper Deerfield","3","2","25","17","5","3","-","0.33","0.22","0.07","0.04","-","296","246","193","140","107","3.88","3.23","2.54","1.87","1.44"
"Cumberland","Millville","1","2","422","425","334","202","203","1.47","1.49","1.18","0.72","0.73","7,974","7,867","7,453","6,667","6,470","27.77","27.61","26.4","23.76","23.18"
"Essex","Cedar Grove","40","11","10","2","5","4","4","0.08","0.02","0.04","0.03","0.03","189","189","220","219","197","1.52","1.51","1.74","1.74","1.55"
"Essex","Belleville","29","8","131","123","102","74","62","0.36","0.34","0.28","0.2","0.17","3,475","3,501","3,598","3,417","3,212","9.61","9.62","9.9","9.44","8.8"
"Essex","Roseland","27","11","-","-","-","3","3","-","-","-","0.05","0.05","38","48","51","40","56","0.66","0.82","0.87","0.68","0.94"
"Essex","Verona","26","11","10","11","4","7","7","0.07","0.08","0.03","0.05","0.05","197","211","238","183","198","1.44","1.54","1.75","1.35","1.46"
"Gloucester","Clayton","3","2","48","28","15","15","16","0.58","0.34","0.18","0.17","0.18","983","1,012","905","808","699","11.96","12.18","10.66","9.38","8.06"
"Gloucester","Glassboro","3","1","89","99","86","64","53","0.47","0.52","0.45","0.32","0.26","1,995","1,888","1,876","1,736","1,707","10.53","9.93","9.76","8.75","8.53"
"Essex","North Caldwell","26","11","5","2","2","2","2","0.08","0.03","0.03","0.03","0.03","31","41","44","38","31","0.47","0.6","0.66","0.57","0.46"
"Bergen","Woodcliff Lake","39","5","-","-","2","-","-","-","-","0.03","-","-","22","32","39","36","37","0.38","0.55","0.66","0.61","0.63"
"Sussex","Andover Twp","24","5","2","-","-","-","-","0.03","-","-","-","-","51","47","60","36","31","0.83","0.77","1","0.6","0.52"
"Bergen","Wood-Ridge","36","9","9","1","3","-","-","0.11","0.01","0.04","-","-","185","196","226","257","246","2.2","2.32","2.74","2.99","2.73"
"Somerset","Watchung","21","7","2","2","2","2","-","0.03","0.03","0.03","0.03","-","49","47","34","36","38","0.84","0.8","0.57","0.61","0.63"
"Bergen","Washington Twp","39","5","-","-","2","1","-","-","-","0.02","0.01","-","62","85","85","81","72","0.67","0.91","0.91","0.87","0.77"
"Bergen","Waldwick","40","5","1","4","-","2","-","0.01","0.04","-","0.02","-","91","103","130","102","94","0.92","1.04","1.29","1.02","0.93"
"Sussex","Green","24","5","3","-","-","-","-","0.08","-","-","-","-","10","7","6","6","5","0.28","0.2","0.17","0.17","0.14"
"Sussex","Fredon","24","5","-","-","-","-","-","-","-","-","-","-","8","9","17","12","11","0.24","0.27","0.52","0.37","0.34"
"Sussex","Frankford","24","5","-","-","-","-","-","-","-","-","-","-","23","22","22","24","13","0.42","0.4","0.4","0.45","0.24"
"Burlington","Bordentown","7","3","6","8","3","6","8","0.15","0.21","0.08","0.16","0.21","195","226","208","178","195","4.98","5.79","5.36","4.62","5.08"
"Burlington","Bass River","9","2","1","1","1","3","3","0.07","0.07","0.07","0.21","0.21","71","94","87","58","63","4.93","6.52","6","4.02","4.39"
"Sussex","Branchville","24","5","5","1","-","-","2","0.61","0.12","-","-","0.26","124","133","141","121","116","15.1","16.38","17.58","15.36","14.81"
"Sussex","Lafayette","24","5","8","8","3","2","-","0.32","0.32","0.12","0.08","-","116","134","111","117","108","4.67","5.44","4.55","4.85","4.49"
"Sussex","Montague","24","5","17","12","13","9","10","0.45","0.32","0.35","0.24","0.27","322","274","270","290","266","8.48","7.27","7.2","7.8","7.2"
"Sussex","Hamburg","24","5","6","5","11","3","1","0.19","0.16","0.35","0.1","0.03","339","338","290","271","254","10.62","10.64","9.19","8.61","8.11"
"Sussex","Hardyston","24","5","3","-","-","3","-","0.04","-","-","0.04","-","91","78","69","67","60","1.13","0.97","0.86","0.85","0.76"
"Bergen","Tenafly","37","9","1","1","1","-","1","0.01","0.01","0.01","-","0.01","127","140","132","124","127","0.86","0.94","0.89","0.84","0.85"
"Bergen","Upper Saddle River","39","5","-","-","-","-","-","-","-","-","-","-","54","59","54","53","47","0.65","0.71","0.64","0.64","0.56"
"Bergen","Saddle Brook","38","9","11","12","3","2","-","0.08","0.09","0.02","0.01","-","369","403","412","393","314","2.66","2.88","2.92","2.79","2.22"
"Bergen","South Hackensack","36","9","-","3","3","4","1","-","0.12","0.12","0.16","0.04","178","194","204","177","151","7.29","7.85","8.28","7.21","6.06"
"Bergen","Ramsey","39","5","3","5","1","2","4","0.02","0.03","0.01","0.01","0.03","174","213","213","225","187","1.18","1.44","1.41","1.49","1.23"
"Bergen","Paramus","38","5","7","5","5","4","2","0.03","0.02","0.02","0.01","0.01","406","463","461","467","386","1.52","1.73","1.71","1.74","1.43"
"Bergen","Ridgewood","40","5","2","2","4","1","1","0.01","0.01","0.02","0","0","253","278","271","287","223","1","1.09","1.06","1.12","0.87"
"Somerset","Branchburg","16","7","8","2","2","4","3","0.05","0.01","0.01","0.03","0.02","159","163","146","156","116","1.09","1.12","0.99","1.06","0.79"
"Bergen","Ridgefield","36","9","11","12","10","3","1","0.1","0.11","0.09","0.03","0.01","347","444","444","471","419","3.09","3.93","3.9","4.15","3.66"
"Bergen","Rochelle Park","38","5","10","6","8","-","5","0.17","0.1","0.14","-","0.09","178","218","214","220","190","3.03","3.77","3.77","3.88","3.33"
"Somerset","Franklin Twp","17","12","162","157","89","73","56","0.25","0.24","0.13","0.11","0.08","3,553","4,038","3,972","3,681","3,319","5.44","6.12","6","5.55","4.97"
"Bergen","River Vale","39","5","-","-","0","5","-","-","-","0","0.05","-","59","56","65","86","72","0.59","0.56","0.65","0.85","0.7"
"Somerset","Bridgewater","23","7","31","19","11","10","7","0.07","0.04","0.02","0.02","0.02","894","883","798","769","725","1.99","1.97","1.77","1.71","1.6"
"Somerset","Millstone","16","7","-","-","-","1","-","-","-","-","0.24","-","-","1","2","-","4","-","0.24","0.48","-","0.95"
"Bergen","Rutherford","36","9","12","4","15","6","2","0.07","0.02","0.08","0.03","0.01","450","477","497","466","441","2.45","2.58","2.66","2.5","2.35"
"Somerset","Hillsborough","16","7","20","16","9","17","8","0.05","0.04","0.02","0.04","0.02","667","701","720","679","629","1.7","1.77","1.81","1.7","1.57"
"Somerset","Montgomery","16","7","2","-","1","2","2","0.01","-","0","0.01","0.01","184","178","184","214","210","0.82","0.78","0.8","0.92","0.89"
"Somerset","Peapack Gladstone","23","7","-","-","-","-","-","-","-","-","-","-","29","16","13","23","17","1.12","0.62","0.5","0.88","0.65"
"Somerset","Rocky Hill","16","7","-","-","-","-","-","-","-","-","-","-","13","7","7","1","3","1.9","1.02","1.01","0.15","0.44"
"Somerset","Somerville","16","7","72","53","29","30","31","0.59","0.44","0.24","0.25","0.25","1,223","1,239","1,142","1,037","1,047","10.05","10.2","9.36","8.52","8.43"
"Somerset","Warren","21","7","4","3","-","-","-","0.03","0.02","-","-","-","116","125","97","74","68","0.73","0.78","0.61","0.46","0.42"
"Bergen","Oakland","39","5","2","-","-","1","-","0.02","-","-","0.01","-","109","135","113","118","80","0.84","1.03","0.86","0.9","0.6"
"Bergen","Old Tappan","39","5","2","-","-","-","-","0.03","-","-","-","-","33","40","47","48","51","0.56","0.67","0.78","0.8","0.84"
"Bergen","Palisades Park","37","9","26","19","21","9","2","0.13","0.09","0.1","0.04","0.01","892","1,011","1,140","1,091","931","4.4","4.94","5.5","5.26","4.44"
"Monmouth","Wall","30","4","15","6","3","4","3","0.06","0.02","0.01","0.02","0.01","450","521","564","470","433","1.72","2","2.16","1.81","1.67"
"Monmouth","Tinton Falls","11","4","22","16","22","9","16","0.12","0.09","0.12","0.05","0.09","558","631","554","525","471","3.1","3.53","3.12","2.95","2.65"
"Monmouth","Spring Lake","30","4","-","1","-","2","-","-","0.03","-","0.07","-","97","64","62","96","89","3.23","2.14","2.09","3.24","3"
"Monmouth","Rumson","13","4","-","-","-","4","-","-","-","-","0.06","-","28","40","25","38","21","0.4","0.57","0.36","0.56","0.31"
"Monmouth","Oceanport","13","6","4","1","1","2","1","0.07","0.02","0.02","0.03","0.02","189","179","1,488","164","146","3.25","3.07","25.93","2.86","2.54"
"Monmouth","Neptune Twp","11","4","145","63","63","12","43","0.52","0.23","0.23","0.04","0.15","3,252","3,691","1,461","3,134","2,775","11.68","13.31","5.3","11.28","9.97"
"Monmouth","Millstone Twp","12","4","7","8","3","-","2","0.07","0.08","0.03","-","0.02","149","144","29","127","125","1.42","1.38","0.28","1.22","1.19"
"Monmouth","Howell","30","4","33","12","11","8","7","0.06","0.02","0.02","0.02","0.01","1,429","1,491","1,318","1,331","1,248","2.76","2.87","2.53","2.55","2.38"
"Monmouth","Matawan","12","6","25","9","6","8","6","0.29","0.1","0.07","0.09","0.07","688","715","1,534","669","625","7.86","8.2","17.33","7.56","7.05"
"Monmouth","Loch Arbour","11","6","-","2","1","1","1","-","1.05","0.53","0.55","0.55","14","42","4,599","46","36","7.25","22.11","2,459.36","25.14","19.67"
"Monmouth","Keyport","13","6","22","24","14","10","5","0.31","0.34","0.2","0.14","0.07","901","1,014","931","908","815","12.52","14.16","13.03","12.82","11.5"
"Monmouth","Hazlet","13","6","15","16","9","17","9","0.07","0.08","0.04","0.09","0.04","711","810","799","763","717","3.52","4.02","3.98","3.82","3.58"
"Monmouth","Freehold","11","4","31","22","7","5","8","0.26","0.18","0.06","0.04","0.07","1,732","1,841","1,691","1,597","1,479","14.38","15.38","14.14","13.43","12.43"
"Monmouth","Fair Haven","13","4","-","-","-","-","-","-","-","-","-","-","61","58","57","55","48","1","0.96","0.95","0.92","0.81"
"Cumberland","Bridgeton","3","2","488","545","441","351","269","1.93","2.15","1.76","1.4","1.1","9,664","10,108","9,535","9,001","8,307","38.27","39.88","38.09","36.01","33.9"
"Cape May","Woodbine","1","2","19","16","28","21","14","0.78","0.66","1.13","0.84","0.57","496","502","539","523","469","20.26","20.58","21.72","20.97","19.06"
"Monmouth","Bradley Beach","30","4","13","6","13","7","5","0.3","0.14","0.3","0.16","0.12","368","406","381","331","252","8.61","9.51","8.93","7.8","5.96"
"Cumberland","Fairfield","1","2","1","2","5","1","1","0.02","0.03","0.08","0.02","0.02","106","95","76","59","50","1.61","1.47","1.2","0.96","0.82"
"Monmouth","Avon By The Sea","30","4","-","1","1","-","-","-","0.06","0.06","-","-","64","71","73","62","54","3.35","3.96","4.07","3.46","3.01"
"Cumberland","Deerfield","3","2","7","7","3","2","1","0.22","0.22","0.1","0.06","0.03","73","58","76","73","63","2.33","1.86","2.45","2.37","2.06"
"Monmouth","Allentown","12","4","-","-","-","2","2","-","-","-","0.11","0.11","61","73","72","49","56","3.36","4.04","3.95","2.71","3.09"
"Monmouth","Aberdeen","13","6","30","24","15","11","5","0.16","0.13","0.08","0.06","0.03","510","548","498","463","437","2.8","3","2.69","2.52","2.38"
"Cumberland","Lawrence","1","2","5","4","10","7","1","0.15","0.12","0.31","0.22","0.03","184","166","147","165","160","5.57","5.07","4.56","5.16","5.02"
"Middlesex","South River","18","12","48","49","22","19","28","0.3","0.3","0.13","0.12","0.17","1,162","1,224","1,155","1,113","1,019","7.16","7.49","7.04","6.83","6.23"
"Cumberland","Greenwich","1","2","3","3","4","4","3","0.37","0.37","0.51","0.52","0.39","130","148","174","163","144","16.07","18.45","22.11","21.01","18.68"
"Sussex","Vernon","24","5","22","20","20","13","8","0.1","0.09","0.09","0.06","0.04","480","435","386","357","323","2.09","1.91","1.71","1.59","1.45"
"Middlesex","South Brunswick","16","12","38","44","27","30","16","0.08","0.1","0.06","0.07","0.03","1,284","1,375","1,382","1,300","1,180","2.87","3.04","3.03","2.84","2.53"
"Sussex","Sussex","24","5","19","21","15","11","10","0.91","1.01","0.73","0.54","0.49","603","554","466","459","470","28.76","26.66","22.81","22.51","23.22"
"Burlington","Maple Shade","6","1","39","43","34","33","24","0.2","0.23","0.18","0.18","0.13","1,335","1,491","1,447","1,288","1,209","7.01","7.86","7.63","6.83","6.42"
"Union","Berkeley Heights","21","7","6","5","3","-","2","0.04","0.04","0.02","-","0.01","83","93","110","69","55","0.62","0.69","0.81","0.51","0.4"
"Sussex","Walpack","24","5","-","-","-","-","-","-","-","-","-","-","1","1","1","1","1","6.25","6.67","6.67","9.09","9.09"
"Burlington","Fieldsboro","7","3","1","1","1","-","-","0.19","0.19","0.19","-","-","31","22","27","32","21","5.85","4.15","5.08","6","3.95"
"Sussex","Ogdensburg","24","11","4","7","2","2","-","0.17","0.3","0.09","0.09","-","95","75","64","66","57","4.08","3.25","2.8","2.88","2.5"
"Burlington","Edgewater Park","7","3","24","29","18","20","17","0.27","0.33","0.2","0.23","0.19","708","757","733","674","591","8.01","8.6","8.34","7.7","6.76"
"Sussex","Stanhope","24","11","8","7","6","3","4","0.23","0.2","0.18","0.09","0.12","211","183","168","178","172","5.99","5.24","4.93","5.29","5.15"
"Burlington","Lumberton","8","3","25","38","29","7","12","0.2","0.31","0.23","0.06","0.1","665","731","703","612","578","5.32","5.87","5.66","4.97","4.7"
"Sussex","Sandyston","24","5","-","4","-","-","-","-","0.21","-","-","-","48","40","32","20","17","2.48","2.09","1.69","1.07","0.92"
"Burlington","Florence","7","3","65","57","43","30","22","0.53","0.46","0.34","0.24","0.17","826","808","779","757","629","6.69","6.54","6.14","5.98","4.96"
"Burlington","Burlington Twp","7","3","90","85","75","54","35","0.4","0.37","0.33","0.24","0.15","1,669","1,737","1,685","1,588","1,470","7.37","7.66","7.38","6.98","6.44"
"Burlington","Cinnaminson","7","3","13","19","16","13","10","0.08","0.11","0.1","0.08","0.06","500","548","544","487","426","2.98","3.25","3.27","2.95","2.58"
"Burlington","Delanco","7","3","8","17","7","12","12","0.18","0.37","0.15","0.27","0.27","302","348","317","298","282","6.63","7.66","6.98","6.64","6.3"
"Burlington","Eastampton","8","3","9","10","5","4","9","0.15","0.17","0.08","0.07","0.15","285","276","249","231","245","4.69","4.56","4.14","3.87","4.12"
"Union","Cranford","21","7","6","9","5","4","4","0.03","0.04","0.02","0.02","0.02","291","293","302","300","267","1.25","1.23","1.25","1.24","1.09"
"Union","Elizabeth","20","8","927","840","630","582","481","0.73","0.65","0.49","0.45","0.37","21,462","24,847","24,910","23,302","21,887","16.83","19.31","19.31","18.11","16.81"
"Union","Garwood","21","7","2","4","9","9","5","0.05","0.09","0.21","0.21","0.11","117","111","149","149","157","2.72","2.48","3.42","3.43","3.56"
"Burlington","Bordentown Twp","7","3","9","17","13","6","6","0.08","0.15","0.11","0.05","0.05","424","520","477","433","346","3.71","4.48","4","3.58","2.84"
"Cumberland","Maurice River","1","2","1","5","5","2","4","0.01","0.06","0.06","0.03","0.06","174","235","242","221","189","2.27","2.97","3.13","3.37","2.99"
"Cumberland","Shiloh","1","2","1","2","2","-","-","0.2","0.39","0.4","-","-","147","88","88","80","59","28.71","17.29","17.43","16","11.87"
"Cumberland","Stow Creek","1","2","1","4","1","-","-","0.07","0.28","0.07","-","-","15","20","18","9","9","1.05","1.4","1.26","0.64","0.64"
"Cumberland","Vineland","1","2","478","468","350","236","250","0.78","0.77","0.58","0.39","0.41","12,178","12,654","11,739","10,695","10,183","19.95","20.69","19.3","17.67","16.86"
"Middlesex","New Brunswick","17","6","393","397","329","271","260","0.7","0.7","0.58","0.48","0.46","9,858","10,514","10,677","10,324","9,414","17.66","18.42","18.72","18.14","16.49"
"Middlesex","Plainsboro","14","12","6","5","5","3","2","0.03","0.02","0.02","0.01","0.01","356","358","342","326","325","1.53","1.53","1.45","1.39","1.38"
"Morris","Parsippany-Troy Hills","26","11","10","6","9","12","5","0.02","0.01","0.02","0.02","0.01","1,900","2,036","130","1,884","1,763","3.53","3.79","0.24","3.54","3.31"
"Morris","Randolph","25","11","3","2","-","1","-","0.01","0.01","-","0","-","556","605","548","477","420","2.14","2.33","2.11","1.85","1.62"
"Cape May","Dennis","1","2","6","4","4","6","4","0.09","0.06","0.06","0.1","0.06","136","129","140","125","131","2.14","2.04","2.22","1.99","2.09"
"Cape May","Middle Township","1","2","102","94","70","45","43","0.54","0.5","0.38","0.24","0.23","2,356","2,433","2,430","2,262","2,112","12.47","12.88","13.05","12.16","11.46"
"Cape May","Avalon","1","2","-","3","6","2","2","-","0.23","0.47","0.16","0.16","36","37","20","23","16","2.75","2.85","1.56","1.8","1.26"
"Cape May","Cape May Point","1","2","-","-","-","-","-","-","-","-","-","-","-","8","2","1","-","-","2.82","0.71","0.36","-"
"Camden","Woodlynne","5","1","42","28","28","21","24","1.42","0.95","0.95","0.71","0.81","619","678","637","599","652","20.91","23.08","21.64","20.35","22.12"
"Cape May","Wildwood","1","2","90","84","82","43","30","1.72","1.62","1.59","0.84","0.59","1,896","1,886","1,723","1,705","1,588","36.27","36.37","33.46","33.3","31.32"
"Cape May","West Wildwood","1","2","2","-","-","-","-","0.34","-","-","-","-","76","61","52","43","48","12.95","10.54","9.09","7.57","8.48"
"Cape May","Upper Township","1","2","13","10","5","1","3","0.11","0.08","0.04","0.01","0.03","432","387","329","319","274","3.54","3.19","2.74","2.66","2.3"
"Cape May","Sea Isle City","1","2","-","-","-","-","-","-","-","-","-","-","51","60","55","47","45","2.43","2.88","2.64","2.25","2.18"
"Cape May","North Wildwood","1","2","12","4","12","8","4","0.3","0.1","0.31","0.21","0.1","337","330","300","259","185","8.49","8.39","7.69","6.67","4.81"
"Ocean","South Toms River","9","3","31","24","20","15","10","0.83","0.64","0.54","0.4","0.27","498","481","489","405","301","13.39","12.79","13.09","10.77","7.98"
"Ocean","Seaside Park","9","3","3","6","4","3","5","0.19","0.38","0.26","0.19","0.32","126","130","110","108","110","7.91","8.23","7.09","6.96","7.1"
"Morris","Rockaway Twp","26","11","7","5","4","4","3","0.03","0.02","0.02","0.02","0.01","217","241","239","242","235","0.89","0.99","0.97","0.99","0.92"
"Morris","Rockaway","25","11","7","1","4","2","2","0.11","0.02","0.06","0.03","0.03","340","367","356","290","254","5.23","5.66","5.48","4.48","3.92"
"Passaic","Clifton","34","9","267","270","228","143","130","0.31","0.31","0.26","0.17","0.15","9,717","10,078","10,043","9,934","9,261","11.38","11.73","11.63","11.57","10.69"
"Ocean","Tuckerton","9","2","21","11","6","8","12","0.62","0.32","0.18","0.24","0.36","466","484","407","354","316","13.8","14.25","12.05","10.48","9.37"
"Ocean","Toms River","10","3","198","212","144","138","115","0.22","0.23","0.16","0.15","0.12","7,151","7,598","7,686","7,262","6,775","7.81","8.33","8.46","7.91","7.28"
"Ocean","Stafford","9","2, 3","55","40","20","11","13","0.2","0.15","0.07","0.04","0.05","1,363","1,365","1,304","1,077","883","5.06","5.09","4.84","3.97","3.23"
"Morris","Kinnelon","26","11","4","-","2","1","6","0.04","-","0.02","0.01","0.06","101","94","95","91","98","0.97","0.91","0.91","0.89","0.96"
"Camden","Laurel Springs","4","1","24","23","15","6","4","1.27","1.22","0.8","0.32","0.21","242","263","220","224","205","12.77","13.99","11.68","11.89","10.87"
"Camden","Lindenwold","4","1","151","177","143","111","101","0.86","1.02","0.82","0.64","0.58","3,074","3,318","3,342","3,221","3,119","17.56","19.05","19.14","18.44","17.85"
"Camden","Merchantville","6","1","11","12","6","7","8","0.29","0.32","0.16","0.19","0.21","382","409","357","331","316","10.04","10.83","9.45","8.79","8.38"
"Camden","Mount Ephraim","5","1","15","10","9","3","5","0.32","0.22","0.19","0.06","0.11","363","359","386","356","309","7.78","7.75","8.32","7.69","6.67"
"Camden","Waterford","8","2","20","27","27","27","15","0.19","0.25","0.25","0.25","0.14","603","645","559","539","544","5.59","6.01","5.2","5.01","5.05"
"Camden","Voorhees","6","1","19","26","18","23","18","0.07","0.09","0.06","0.08","0.06","850","924","881","855","873","2.91","3.18","3","2.91","2.96"
"Morris","Netcong","25","7","6","9","4","1","1","0.18","0.28","0.12","0.03","0.03","285","265","1,968","219","181","8.75","8.14","60.5","6.77","5.61"
"Camden","Pine Valley","8","1","-","-","-","-","-","-","-","-","-","-","33","21","20","23","27","275","175","166.67","209.09","245.45"
"Camden","Pennsauken","6","1","189","198","173","111","108","0.53","0.56","0.49","0.31","0.3","4,794","5,158","5,086","4,859","4,643","13.38","14.5","14.28","13.53","12.92"
"Camden","Stratford","6","1","5","16","6","13","6","0.07","0.23","0.09","0.19","0.09","401","431","422","405","419","5.77","6.21","6.02","5.78","5.97"
"Camden","Runnemede","5","1","20","19","21","16","21","0.24","0.23","0.25","0.19","0.25","561","594","583","626","572","6.65","7.09","6.96","7.47","6.82"
"Morris","Madison","27","11","2","2","-","-","3","0.01","0.01","-","-","0.02","258","265","32","217","187","1.59","1.64","0.2","1.35","1.17"
"Morris","Lincoln Park","26","11","7","3","3","3","4","0.07","0.03","0.03","0.03","0.04","373","346","337","287","311","3.56","3.3","3.24","2.75","2.97"
"Morris","Mine Hill","25","7","6","4","-","1","1","0.16","0.11","-","0.03","0.03","165","183","332","151","133","4.48","5","9.28","4.2","3.7"
"Morris","Mendham","25","11","-","-","-","-","-","-","-","-","-","-","33","38","32","37","37","0.66","0.76","0.64","0.74","0.74"
"Morris","Morris Twp","25","11","3","1","-","4","-","0.01","0","-","0.02","-","55","38","1,983","25","18","0.24","0.17","8.76","0.11","0.08"
"Morris","Montville","26","11","-","8","-","-","-","-","0.04","-","-","-","307","346","287","357","335","1.41","1.58","1.31","1.65","1.55"
"Morris","Mount Olive","24","7","14","14","9","11","7","0.05","0.05","0.03","0.04","0.02","863","988","28","871","863","3","3.42","0.1","2.99","2.95"
"Morris","Morristown","25","11","36","35","17","19","13","0.19","0.18","0.09","0.1","0.07","1,939","2,084","105","1,849","1,643","10.46","10.92","0.56","9.72","8.63"
"Salem","Oldmans","3","2","7","8","1","4","1","0.38","0.43","0.05","0.22","0.06","129","163","140","133","113","6.93","8.82","7.65","7.35","6.31"
"Salem","Pennsville","3","2","34","37","15","13","13","0.26","0.28","0.12","0.1","0.1","1,162","1,277","1,177","1,092","1,063","8.86","9.82","9.18","8.61","8.5"
"Salem","Elsinboro","3","2","2","1","-","-","-","0.2","0.1","-","-","-","36","45","27","20","21","3.54","4.46","2.71","2.03","2.15"
"Salem","Lower Alloways Creek","3","2","2","3","-","-","-","0.11","0.17","-","-","-","41","37","38","41","26","2.35","2.14","2.22","2.3","1.54"
"Camden","Berlin Twp","6","1","23","21","16","23","17","0.43","0.39","0.29","0.42","0.3","421","499","434","413","383","7.85","9.31","7.99","7.49","6.86"
"Camden","Camden","5","1","2,374","2,062","1,769","1,387","1,346","3.09","2.67","2.32","1.86","1.81","35,028","36,524","35,398","33,904","32,054","45.55","47.23","46.5","45.56","43.01"
"Camden","Bellmawr","5","1","58","63","50","56","31","0.5","0.55","0.44","0.49","0.27","1,116","1,281","1,405","1,477","1,377","9.67","11.18","12.26","12.87","11.99"
"Camden","Gloucester City","5","1","69","62","63","55","43","0.61","0.55","0.56","0.49","0.38","1,789","1,938","1,841","1,742","1,673","15.69","17.12","16.25","15.36","14.75"
"Camden","Collingswood","6","1","39","29","25","23","31","0.28","0.21","0.18","0.16","0.22","1,096","1,134","1,013","981","936","7.91","8.12","7.24","7","6.67"
"Camden","Clementon","4","1","43","51","42","36","32","0.86","1.03","0.85","0.73","0.65","1,585","1,735","1,636","1,578","1,475","31.85","35.12","33.07","32.04","29.74"
"Camden","Cherry Hill","6","1","105","96","86","66","55","0.15","0.13","0.12","0.09","0.08","2,573","2,672","2,626","2,491","2,392","3.59","3.74","3.68","3.49","3.35"
"Camden","Hi-Nella","6","1","6","6","2","2","2","0.69","0.7","0.23","0.23","0.23","110","115","86","83","74","12.72","13.4","10","9.58","8.54"
"Camden","Haddon Twp","6","1","5","7","6","6","11","0.03","0.05","0.04","0.04","0.07","222","288","263","286","265","1.52","1.98","1.81","1.95","1.8"
"Camden","Haddon Heights","5","1","6","9","4","-","1","0.08","0.12","0.05","-","0.01","206","225","225","209","183","2.77","3.05","2.99","2.77","2.41"
"Somerset","Bernardsville","25","7","3","2","1","1","1","0.04","0.03","0.01","0.01","0.01","72","77","71","70","60","0.93","0.99","0.91","0.9","0.77"
"Somerset","Bernards Twp","21","7","6","4","2","1","2","0.02","0.01","0.01","0","0.01","268","259","243","231","205","1","0.96","0.9","0.86","0.76"
"Salem","Woodstown","3","2","19","17","8","4","4","0.55","0.49","0.23","0.11","0.12","415","455","444","383","371","11.92","13.17","12.6","10.99","10.74"
"Salem","Salem","3","2","174","110","90","97","76","3.47","2.21","1.84","2.01","1.59","2,612","2,655","2,541","2,306","2,290","52.02","53.41","51.92","47.8","47.97"
"Salem","Quinton","3","2","13","7","4","6","6","0.49","0.27","0.16","0.25","0.24","148","159","146","102","99","5.61","6.07","5.68","4.18","3.98"
"Salem","Pilesgrove","3","2","6","9","2","1","5","0.15","0.23","0.05","0.02","0.13","213","218","184","163","163","5.33","5.5","4.53","4.05","4.08"
"Passaic","Hawthorne","38","9","19","20","20","27","13","0.1","0.1","0.1","0.14","0.07","1,048","1,030","1,103","1,086","962","5.52","5.41","5.78","5.73","5.04"
"Passaic","Little Falls","40","11","10","9","16","9","7","0.07","0.06","0.11","0.06","0.05","466","505","485","533","458","3.21","3.48","3.34","3.7","3.16"
"Passaic","Passaic","36","9","770","726","629","490","399","1.09","1.02","0.88","0.69","0.56","22,335","22,870","22,941","22,350","20,679","31.52","31.98","32.27","31.64","29.02"
"Somerset","Bedminster","23","7","3","-","1","-","-","0.04","-","0.01","-","-","118","112","110","102","109","1.44","1.36","1.33","1.24","1.33"
"Somerset","South Bound Brook","23","12","7","6","6","10","5","0.15","0.13","0.13","0.22","0.11","295","314","287","259","259","6.42","6.85","6.21","5.62","5.56"
"Warren","Washington Twp","23","5","20","8","0","9","0","0.31","0.12","0","0.14","0","269","234","236","214","232","4.12","3.61","3.65","3.31","3.59"
"Sussex","Stillwater","24","5","2","2","1","-","-","0.05","0.05","0.03","-","-","25","24","19","12","8","0.62","0.6","0.48","0.3","0.2"
"Burlington","Washington Twp","9","2","2","5","3","-","-","0.29","0.74","0.45","-","-","24","35","25","15","19","3.51","5.2","3.71","2.16","2.68"
"Burlington","Tabernacle","9","3","20","13","7","4","4","0.29","0.19","0.1","0.06","0.06","195","210","225","179","120","2.8","3.02","3.24","2.6","1.74"
"Burlington","Wrightstown","12","3","24","26","21","14","17","3.01","3.27","2.64","1.78","2.17","436","520","517","454","422","54.64","65.41","64.95","57.69","53.76"
"Burlington","Willingboro","7","3","249","241","197","120","122","0.78","0.76","0.63","0.38","0.38","3,802","4,136","3,984","3,378","3,295","11.93","13","12.74","10.65","10.28"
"Camden","Barrington","5","1","5","4","7","3","8","0.07","0.06","0.1","0.04","0.12","362","406","411","378","372","5.26","5.95","6.03","5.57","5.49"
"Camden","Audubon","5","1","23","26","21","29","22","0.26","0.3","0.24","0.33","0.25","525","477","434","451","440","5.99","5.48","4.97","5.17","5.04"
"Passaic","Woodland Park","40","11","29","27","34","17","4","0.24","0.22","0.27","0.13","0.03","1,231","1,303","1,339","1,286","1,234","10.03","10.51","10.7","10.17","9.62"
"Passaic","West Milford","26","5","34","31","34","11","16","0.13","0.12","0.13","0.04","0.06","959","972","949","783","731","3.62","3.65","3.55","2.94","2.72"
"Salem","Carneys Point","3","2","68","49","39","24","29","0.85","0.62","0.5","0.31","0.38","1,121","1,156","1,059","956","962","14.09","14.58","13.5","12.3","12.49"
"Passaic","Prospect Park","35","9","42","48","38","23","9","0.71","0.81","0.64","0.39","0.15","1,380","1,526","1,409","1,323","1,236","23.34","25.73","23.67","22.37","20.72"
"Passaic","Paterson","35","9","2,567","2,609","2,252","1,676","1,427","1.76","1.78","1.52","1.14","0.96","60,291","61,416","61,031","59,109","55,751","41.31","41.85","41.31","40.21","37.5"
"Passaic","Wanaque","39","11","32","19","24","8","6","0.29","0.17","0.2","0.07","0.05","534","528","556","487","430","4.76","4.61","4.69","4.14","3.59"
"Passaic","Totowa","40","11","-","5","3","8","6","-","0.05","0.03","0.07","0.06","450","459","465","504","476","4.13","4.2","4.24","4.62","4.4"
"County Summary","-","-","-","-","-","-","-","-","-","-","-","-","-","-","-","-","-","-","-","-","-","-","-","-","-"
"","TANF Children","TANF Children","TANF Children","TANF Children","TANF Children","TANF %","TANF %","TANF %","TANF %","TANF %","SNAP Beneficiaries","SNAP Beneficiaries","SNAP Beneficiaries","SNAP Beneficiaries","SNAP Beneficiaries","% SNAP Beneficiaries","% SNAP Beneficiaries","% SNAP Beneficiaries","% SNAP Beneficiaries","% SNAP Beneficiaries"
"County  ","2014  ","2015  ","2016  ","2017  ","2018  ","2014  ","2015  ","2016  ","2017  ","2018  ","2014  ","2015  ","2016  ","2017  ","2018  ","2014  ","2015  ","2016  ","2017  ","2018  "
"Atlantic","2,195","2,188","1,761","1,462","1,292","0.8","0.8","0.64","0.54","0.48","42,313","46,583","45,214","40,773","38,287","15.34","16.93","16.49","15.05","14.18"
"Bergen","1,008","921","715","469","307","0.11","0.1","0.08","0.05","0.03","35,072","39,698","40,313","38,810","34,286","3.79","4.25","4.3","4.13","3.62"
"Burlington","1,276","1,327","1,079","747","650","0.28","0.3","0.24","0.17","0.14","26,541","28,881","27,811","24,312","21,800","5.89","6.42","6.18","5.41","4.86"
"Camden","3,793","3,502","3,004","2,464","2,319","0.74","0.69","0.59","0.48","0.45","68,060","72,310","69,739","67,108","64,019","13.27","14.15","13.65","13.15","12.54"
"Cape May","348","318","304","191","158","0.36","0.33","0.32","0.2","0.17","9,641","9,668","9,118","8,423","7,683","10.05","10.14","9.63","8.92","8.21"
"Cumberland","1,455","1,504","1,173","814","736","0.92","0.96","0.75","0.53","0.48","31,546","32,271","30,343","27,782","26,179","20.05","20.5","19.47","18.06","17.16"
"Essex","8,093","7,053","4,916","3,114","2,936","1.02","0.89","0.62","0.39","0.36","129,994","132,724","130,058","122,122","114,014","16.46","16.68","16.31","15.32","14.11"
"Gloucester","1,019","940","731","576","507","0.35","0.32","0.25","0.2","0.17","23,525","23,210","21,452","18,857","17,848","8.1","7.98","7.36","6.45","6.11"
"Hudson","4,140","3,697","2,745","2,033","1,786","0.63","0.55","0.41","0.3","0.26","109,920","114,315","110,632","101,709","95,162","16.65","17.08","16.39","15","13.76"
"Hunterdon","84","65","45","26","27","0.07","0.05","0.04","0.02","0.02","3,282","3,209","3,116","2,792","2,571","2.6","2.55","2.48","2.24","2.06"
"Mercer","2,076","1,844","1,385","111","953","0.56","0.5","0.37","0.03","0.25","35,313","33,026","32,249","30,268","29,030","9.53","8.89","8.68","8.16","7.75"
"Middlesex","1,483","1,395","1,061","883","718","0.18","0.17","0.13","0.11","0.09","53,284","57,333","58,202","56,502","52,503","6.43","6.86","6.92","6.75","6.23"
"Monmouth","969","660","447","365","329","0.15","0.1","0.07","0.06","0.05","33,965","37,425","35,715","33,050","30,321","5.39","5.95","5.68","5.28","4.84"
"Morris","253","236","162","136","113","0.05","0.05","0.03","0.03","0.02","15,097","16,060","15,266","13,934","13,233","3.02","3.21","3.06","2.8","2.65"
"Ocean","1,343","1,216","919","560","467","0.23","0.21","0.16","0.09","0.08","61,177","63,373","61,308","56,267","49,296","10.49","10.81","10.41","9.5","8.24"
"Passaic","3,886","3,912","3,397","2,503","2,098","0.77","0.77","0.66","0.49","0.41","103,431","105,791","105,463","102,319","95,884","20.45","20.79","20.64","20.14","18.71"
"Salem","490","333","241","192","178","0.75","0.51","0.38","0.3","0.28","9,191","9,640","9,089","8,063","7,937","14.1","14.9","14.16","12.71","12.64"
"Somerset","482","421","261","231","206","0.15","0.13","0.08","0.07","0.06","12,629","13,057","12,382","11,207","10,128","3.82","3.93","3.71","3.36","3.02"
"Sussex","177","158","122","91","55","0.12","0.11","0.08","0.06","0.04","5,269","4,954","4,436","4,276","3,930","3.61","3.42","3.09","3","2.77"
"Union","1,680","1,493","1,164","953","802","0.31","0.27","0.21","0.17","0.14","45,178","50,521","49,717","46,108","42,391","8.24","9.14","8.95","8.3","7.52"
"Warren","338","300","173","174","165","0.31","0.28","0.16","0.16","0.15","7,628","7,600","7,307","6,687","6,754","7.1","7.11","6.84","6.27","6.32"
"New Jersey State Summary","-","-","-","-","-","-","-","-","-","-","-","-","-","-","-","-","-","-","-","-","-","-","-"
"TANF Children","TANF Children","TANF Children","TANF Children","TANF Children","TANF %","TANF %","TANF %","TANF %","TANF %","SNAP Beneficiaries","SNAP Beneficiaries","SNAP Beneficiaries","SNAP Beneficiaries","SNAP Beneficiaries","% SNAP Beneficiaries","% SNAP Beneficiaries","% SNAP Beneficiaries","% SNAP Beneficiaries","% SNAP Beneficiaries"
"2014  ","2015  ","2016  ","2017  ","2018  ","2014  ","2015  ","2016  ","2017  ","2018  ","2014  ","2015  ","2016  ","2017  ","2018  ","2014  ","2015  ","2016  ","2017  ","2018  "
"36,588","33,483","25,805","18,095","16,802","0.41","0.37","0.29","0.2","0.19","862,056","901,649","878,930","821,369","763,256","9.69","10.09","9.81","9.18","8.48"
""
"DISCLAIMER: The information in the website may be used, downloaded, reproduced or reprinted provided"
"that appropiate acknowledgment appears in all copies or works created with the downloaded information."
"You may not use or misrepresent our name, logos, trademarks, other intellectual property or materials for your own use or reprint."
""
"New Jersey Data Book(SM)  Rutgers Center for Goverment Services, New Brunswick, NJ"
"New Jersey Data Book is a Service Mark of the Rutgers Center for Goverment Services"
